{
  "config": {
    "ignore_stop_words": true,
    "unit_name": "lookup_intent_parser"
  },
  "entity_scopes": [
    {
      "entity_scope": {
        "builtin": [],
        "custom": [
          "lencon",
          "unit2",
          "unit1"
        ]
      },
      "intent_group": [
        "length_conversions"
      ]
    }
  ],
  "intents_names": [
    "length_conversions"
  ],
  "language_code": "en",
  "map": {
    "-761012659": [
      0,
      [
        0,
        1,
        2
      ]
    ],
    "168631861": [
      0,
      [
        0,
        1,
        2
      ]
    ],
    "1032516659": [
      0,
      [
        0,
        1,
        2
      ]
    ]
  },
  "slots_names": [
    "value",
    "unit1",
    "unit2"
  ],
  "stop_words_whitelist": {}
}