{
  "coeffs": [
    [
      -0.36338677905463695,
      -0.39557119207939034,
      -0.9034866586881417,
      -0.9034866586881417,
      -1.6668867924779298,
      -1.6668867924779298,
      -0.30320191532039475,
      -0.41302893995621526,
      -0.3247057746188736,
      -0.32039760991339045,
      -0.41718144446410216,
      -0.3206434896882957,
      -0.41484481078342933,
      -0.16276745529837197,
      -0.3262076338688411,
      1.1899899311683164,
      1.451716928623309,
      -0.1521485468354193,
      -0.4176110047218353,
      -0.4209467904381736,
      -0.36784603254384335
    ]
  ],
  "config": {
    "data_augmentation_config": {
      "add_builtin_entities_examples": false,
      "max_unknown_words": null,
      "min_utterances": 20,
      "noise_factor": 5,
      "unknown_word_prob": 0.0,
      "unknown_words_replacement_string": null
    },
    "featurizer_config": {
      "added_cooccurrence_feature_ratio": 0.0,
      "cooccurrence_vectorizer_config": {
        "filter_stop_words": true,
        "keep_order": true,
        "unit_name": "cooccurrence_vectorizer",
        "unknown_words_replacement_string": null,
        "window_size": null
      },
      "pvalue_threshold": 0.4,
      "tfidf_vectorizer_config": {
        "unit_name": "tfidf_vectorizer",
        "use_stemming": false,
        "word_clusters_name": null
      },
      "unit_name": "featurizer"
    },
    "noise_reweight_factor": 1,
    "unit_name": "log_reg_intent_classifier"
  },
  "featurizer": "featurizer",
  "intent_list": [
    "length_conversions",
    null
  ],
  "intercept": [
    0.3770943915178789
  ],
  "t_": 3001.0
}