{
  "builtin_entity_scope": [],
  "config": {
    "unit_name": "tfidf_vectorizer",
    "use_stemming": false,
    "word_clusters_name": null
  },
  "language_code": "en",
  "vectorizer": {
    "idf_diag": [
      4.004031076368686,
      3.716349003916905,
      2.751268107873318,
      4.004031076368686,
      4.186352633162641,
      2.751268107873318,
      2.751268107873318,
      2.751268107873318,
      2.6177367152487956,
      4.186352633162641,
      3.5985659682605218,
      4.004031076368686,
      3.849880396541428,
      3.716349003916905,
      2.7047480922384253,
      4.004031076368686,
      4.186352633162641,
      2.3945931639345854,
      2.499953679592412,
      3.849880396541428,
      3.716349003916905
    ],
    "vocab": {
      "barrel": 0,
      "change": 1,
      "conversions": 2,
      "cubicinch": 3,
      "cubicmetre": 4,
      "entityfeatureunit1": 5,
      "entityfeatureunit2": 6,
      "entityfeaturevolcon": 7,
      "from": 8,
      "gallon": 9,
      "length": 10,
      "litre": 11,
      "metric": 12,
      "ml": 13,
      "of": 14,
      "pint": 15,
      "quart": 16,
      "the": 17,
      "to": 18,
      "transform": 19,
      "translate": 20
    }
  }
}