{
  "coeffs": [
    [
      -0.6070909327090507,
      -0.3752817953535583,
      -0.8128505134902947,
      -0.5943241176844849,
      -0.8128505134902947,
      -1.6257010269805894,
      -1.6257010269805894,
      -0.6337762181089736,
      -0.33987870489219646,
      -0.6102585968601458,
      -0.3795362464629262,
      1.216461291624221,
      -0.3393681266818723,
      1.417437930933857,
      0.20787521188993519,
      -0.38751991531330215,
      -0.34722107626971394
    ]
  ],
  "config": {
    "data_augmentation_config": {
      "add_builtin_entities_examples": false,
      "max_unknown_words": null,
      "min_utterances": 20,
      "noise_factor": 5,
      "unknown_word_prob": 0.0,
      "unknown_words_replacement_string": null
    },
    "featurizer_config": {
      "added_cooccurrence_feature_ratio": 0.0,
      "cooccurrence_vectorizer_config": {
        "filter_stop_words": true,
        "keep_order": true,
        "unit_name": "cooccurrence_vectorizer",
        "unknown_words_replacement_string": null,
        "window_size": null
      },
      "pvalue_threshold": 0.4,
      "tfidf_vectorizer_config": {
        "unit_name": "tfidf_vectorizer",
        "use_stemming": false,
        "word_clusters_name": null
      },
      "unit_name": "featurizer"
    },
    "noise_reweight_factor": 1,
    "unit_name": "log_reg_intent_classifier"
  },
  "featurizer": "featurizer",
  "intent_list": [
    "length_conversions",
    null
  ],
  "intercept": [
    0.3772422309678414
  ],
  "t_": 2761.0
}