{"map_distance":[[{"type":"Text","value":"distance [loc1] and [loc2]"}],[{"type":"Text","value":"whats distance [loc1] and [loc2]"}],[{"type":"Text","value":"what is distance [loc1] and [loc2]"}],[{"type":"Text","value":"what is the distance [loc1] and [loc2]"}],[{"type":"Text","value":"length [loc1] and [loc2]"}],[{"type":"Text","value":"whats length [loc1] and [loc2]"}],[{"type":"Text","value":"what is length [loc1] and [loc2]"}],[{"type":"Text","value":"what is the length [loc1] and [loc2]"}],[{"type":"Text","value":"distance of [loc1] and [loc2]"}],[{"type":"Text","value":"whats distance of [loc1] and [loc2]"}],[{"type":"Text","value":"what is distance of [loc1] and [loc2]"}],[{"type":"Text","value":"what is the distance of [loc1] and [loc2]"}],[{"type":"Text","value":"length of [loc1] and [loc2]"}],[{"type":"Text","value":"whats length of [loc1] and [loc2]"}],[{"type":"Text","value":"what is length of [loc1] and [loc2]"}],[{"type":"Text","value":"what is the length of [loc1] and [loc2]"}],[{"type":"Text","value":"tell me distance [loc1] and [loc2]"}],[{"type":"Text","value":"tell me the distance [loc1] and [loc2]"}],[{"type":"Text","value":"can you tell me distance [loc1] and [loc2]"}],[{"type":"Text","value":"tell me length [loc1] and [loc2]"}],[{"type":"Text","value":"tell me the length [loc1] and [loc2]"}],[{"type":"Text","value":"can you tell me length [loc1] and [loc2]"}],[{"type":"Text","value":"tell me distance of [loc1] and [loc2]"}],[{"type":"Text","value":"tell me the distance of [loc1] and [loc2]"}],[{"type":"Text","value":"can you tell me distance of [loc1] and [loc2]"}],[{"type":"Text","value":"tell me length of [loc1] and [loc2]"}],[{"type":"Text","value":"tell me the length of [loc1] and [loc2]"}],[{"type":"Text","value":"can you tell me length of [loc1] and [loc2]"}]]}