{
  "entities": {
    "u1": {
      "automatically_extensible": true,
      "data": [
        {
          "synonyms": [],
          "value": "kb"
        },
        {
          "synonyms": [],
          "value": "kilobytes"
        },
        {
          "synonyms": [],
          "value": "bytes"
        },
        {
          "synonyms": [],
          "value": "megabytes"
        },
        {
          "synonyms": [],
          "value": "mb"
        },
        {
          "synonyms": [],
          "value": "gigabytes"
        },
        {
          "synonyms": [],
          "value": "gb"
        }
      ],
      "matching_strictness": 1.0,
      "use_synonyms": true
    },
    "u2": {
      "automatically_extensible": true,
      "data": [
        {
          "synonyms": [],
          "value": "kb"
        },
        {
          "synonyms": [],
          "value": "kilobytes"
        },
        {
          "synonyms": [],
          "value": "bytes"
        },
        {
          "synonyms": [],
          "value": "megabytes"
        },
        {
          "synonyms": [],
          "value": "mb"
        },
        {
          "synonyms": [],
          "value": "gigabytes"
        },
        {
          "synonyms": [],
          "value": "gb"
        }
      ],
      "matching_strictness": 1.0,
      "use_synonyms": true
    },
    "value": {
      "automatically_extensible": true,
      "data": [
        {
          "synonyms": [],
          "value": "one"
        },
        {
          "synonyms": [],
          "value": "thirty five"
        },
        {
          "synonyms": [],
          "value": "hundred"
        },
        {
          "synonyms": [],
          "value": "fifty"
        },
        {
          "synonyms": [],
          "value": "thousand"
        },
        {
          "synonyms": [],
          "value": "fourty"
        }
      ],
      "matching_strictness": 1.0,
      "use_synonyms": true
    }
  },
  "intents": {
    "storage_conv": {
      "utterances": [
        {
          "data": [
            {
              "text": "transform "
            },
            {
              "entity": "value",
              "slot_name": "value",
              "text": "one"
            },
            {
              "text": " "
            },
            {
              "entity": "u1",
              "slot_name": "u1",
              "text": "kb"
            },
            {
              "text": " to "
            },
            {
              "entity": "u2",
              "slot_name": "u2",
              "text": "kb"
            }
          ]
        },
        {
          "data": [
            {
              "text": "translate "
            },
            {
              "entity": "value",
              "slot_name": "value",
              "text": "thirty five"
            },
            {
              "text": " "
            },
            {
              "entity": "u1",
              "slot_name": "u1",
              "text": "kilobytes"
            },
            {
              "text": " to "
            },
            {
              "entity": "u2",
              "slot_name": "u2",
              "text": "kilobytes"
            }
          ]
        },
        {
          "data": [
            {
              "text": "change "
            },
            {
              "entity": "value",
              "slot_name": "value",
              "text": "hundred"
            },
            {
              "text": " "
            },
            {
              "entity": "u1",
              "slot_name": "u1",
              "text": "bytes"
            },
            {
              "text": " to "
            },
            {
              "entity": "u2",
              "slot_name": "u2",
              "text": "bytes"
            }
          ]
        },
        {
          "data": [
            {
              "entity": "value",
              "slot_name": "value",
              "text": "fifty"
            },
            {
              "text": " "
            },
            {
              "entity": "u1",
              "slot_name": "u1",
              "text": "megabytes"
            },
            {
              "text": " to "
            },
            {
              "entity": "u2",
              "slot_name": "u2",
              "text": "megabytes"
            }
          ]
        },
        {
          "data": [
            {
              "text": "what is "
            },
            {
              "entity": "value",
              "slot_name": "value",
              "text": "thousand"
            },
            {
              "text": " "
            },
            {
              "entity": "u1",
              "slot_name": "u1",
              "text": "mb"
            },
            {
              "text": " to "
            },
            {
              "entity": "u2",
              "slot_name": "u2",
              "text": "mb"
            }
          ]
        },
        {
          "data": [
            {
              "text": "value of "
            },
            {
              "entity": "value",
              "slot_name": "value",
              "text": "fourty"
            },
            {
              "text": " "
            },
            {
              "entity": "u1",
              "slot_name": "u1",
              "text": "gigabytes"
            },
            {
              "text": " to "
            },
            {
              "entity": "u2",
              "slot_name": "u2",
              "text": "gigabytes"
            }
          ]
        },
        {
          "data": [
            {
              "text": "what is value of "
            },
            {
              "entity": "value",
              "slot_name": "value",
              "text": "one"
            },
            {
              "text": " "
            },
            {
              "entity": "u1",
              "slot_name": "u1",
              "text": "gb"
            },
            {
              "text": " to "
            },
            {
              "entity": "u2",
              "slot_name": "u2",
              "text": "gb"
            }
          ]
        },
        {
          "data": [
            {
              "text": "output of "
            },
            {
              "entity": "value",
              "slot_name": "value",
              "text": "thirty five"
            },
            {
              "text": " "
            },
            {
              "entity": "u1",
              "slot_name": "u1",
              "text": "kb"
            },
            {
              "text": " to "
            },
            {
              "entity": "u2",
              "slot_name": "u2",
              "text": "kb"
            }
          ]
        },
        {
          "data": [
            {
              "text": "tell me value of "
            },
            {
              "entity": "value",
              "slot_name": "value",
              "text": "hundred"
            },
            {
              "text": " "
            },
            {
              "entity": "u1",
              "slot_name": "u1",
              "text": "kilobytes"
            },
            {
              "text": " to "
            },
            {
              "entity": "u2",
              "slot_name": "u2",
              "text": "kilobytes"
            }
          ]
        },
        {
          "data": [
            {
              "text": "can you tell me value of "
            },
            {
              "entity": "value",
              "slot_name": "value",
              "text": "fifty"
            },
            {
              "text": " "
            },
            {
              "entity": "u1",
              "slot_name": "u1",
              "text": "bytes"
            },
            {
              "text": " to "
            },
            {
              "entity": "u2",
              "slot_name": "u2",
              "text": "bytes"
            }
          ]
        }
      ]
    }
  },
  "language": "en"
}
