{"storage_conv":[[{"type":"Text","value":"transform [value] [u1] to [u2]"}],[{"type":"Text","value":"translate [value] [u1] to [u2]"}],[{"type":"Text","value":"change [value] [u1] to [u2]"}],[{"type":"Text","value":"[value] [u1] to [u2]"}],[{"type":"Text","value":"what is [value] [u1] to [u2]"}],[{"type":"Text","value":"value of [value] [u1] to [u2]"}],[{"type":"Text","value":"what is value of [value] [u1] to [u2]"}],[{"type":"Text","value":"output of [value] [u1] to [u2]"}],[{"type":"Text","value":"tell me value of [value] [u1] to [u2]"}],[{"type":"Text","value":"can you tell me value of [value] [u1] to [u2]"}]]}