{
  "config": {
    "ignore_stop_words": true,
    "unit_name": "lookup_intent_parser"
  },
  "entity_scopes": [
    {
      "entity_scope": {
        "builtin": [],
        "custom": [
          "loc2",
          "loc1"
        ]
      },
      "intent_group": [
        "map_distance"
      ]
    }
  ],
  "intents_names": [
    "map_distance"
  ],
  "language_code": "en",
  "map": {
    "-1747975684": [
      0,
      [
        0,
        1
      ]
    ],
    "-1532875092": [
      0,
      [
        0,
        1
      ]
    ],
    "-1407977878": [
      0,
      [
        0,
        1
      ]
    ],
    "-1292045732": [
      0,
      [
        0,
        1
      ]
    ],
    "-1289209958": [
      0,
      [
        0,
        1
      ]
    ],
    "-757533273": [
      0,
      [
        0,
        1
      ]
    ],
    "-559633857": [
      0,
      [
        0,
        1
      ]
    ],
    "-486721322": [
      0,
      [
        0,
        1
      ]
    ],
    "-142811579": [
      0,
      [
        0,
        1
      ]
    ],
    "147597549": [
      0,
      [
        0,
        1
      ]
    ],
    "1066523134": [
      0,
      [
        0,
        1
      ]
    ],
    "1126409655": [
      0,
      [
        0,
        1
      ]
    ],
    "1501054687": [
      0,
      [
        0,
        1
      ]
    ],
    "1718570573": [
      0,
      [
        0,
        1
      ]
    ],
    "1836597180": [
      0,
      [
        0,
        1
      ]
    ],
    "1904415005": [
      0,
      [
        0,
        1
      ]
    ]
  },
  "slots_names": [
    "loc1",
    "loc2"
  ],
  "stop_words_whitelist": {}
}