{
  "builtin_entity_scope": [],
  "config": {
    "unit_name": "tfidf_vectorizer",
    "use_stemming": false,
    "word_clusters_name": null
  },
  "language_code": "en",
  "vectorizer": {
    "idf_diag": [
      3.269914310704497,
      3.4666246049505514,
      4.117212171091701,
      4.117212171091701,
      4.20422354808133,
      4.037169463418165,
      4.656208671824388,
      4.522677279199865,
      4.117212171091701,
      4.656208671824388,
      4.522677279199865,
      4.117212171091701,
      2.8644492025963326,
      2.73091780997181,
      4.117212171091701,
      3.963061491264442,
      4.656208671824388,
      4.522677279199865,
      4.522677279199865,
      2.888546754175393,
      4.299533727885655,
      4.656208671824388,
      4.299533727885655,
      3.60638654732571,
      4.810359351651646,
      3.963061491264442,
      4.522677279199865,
      4.656208671824388,
      4.656208671824388,
      4.522677279199865,
      4.522677279199865,
      3.6576798417132603,
      2.1594675643893844,
      4.522677279199865,
      3.557596383156278,
      3.344022282858219
    ],
    "vocab": {
      "a": 0,
      "and": 1,
      "are": 2,
      "area": 3,
      "around": 4,
      "at": 5,
      "australia": 6,
      "bunks": 7,
      "can": 8,
      "canada": 9,
      "chennai": 10,
      "do": 11,
      "entityfeaturelocation": 12,
      "entityfeatureplaces": 13,
      "find": 14,
      "for": 15,
      "grocery": 16,
      "hospitals": 17,
      "hotels": 18,
      "in": 19,
      "india": 20,
      "ireland": 21,
      "know": 22,
      "me": 23,
      "nearby": 24,
      "out": 25,
      "petrol": 26,
      "restaurants": 27,
      "saloons": 28,
      "schools": 29,
      "shops": 30,
      "tell": 31,
      "the": 32,
      "tindivanam": 33,
      "to": 34,
      "you": 35
    }
  }
}