{
  "entities": {
    "lencon": {
      "automatically_extensible": true,
      "data": [
        {
          "synonyms": [
            "metric conversions"
          ],
          "value": "conversions"
        },
        {
          "synonyms": [],
          "value": "length conversions"
        }
      ],
      "matching_strictness": 1.0,
      "use_synonyms": true
    },
    "unit1": {
      "automatically_extensible": true,
      "data": [
        {
          "synonyms": [],
          "value": "millimetre"
        },
        {
          "synonyms": [],
          "value": "centimetre"
        },
        {
          "synonyms": [],
          "value": "kilometre"
        },
        {
          "synonyms": [],
          "value": "metre"
        },
        {
          "synonyms": [],
          "value": "inches"
        },
        {
          "synonyms": [],
          "value": "yards"
        },
        {
          "synonyms": [],
          "value": "feet"
        },
        {
          "synonyms": [],
          "value": "miles"
        }
      ],
      "matching_strictness": 1.0,
      "use_synonyms": true
    },
    "unit2": {
      "automatically_extensible": true,
      "data": [
        {
          "synonyms": [],
          "value": "millimetre"
        },
        {
          "synonyms": [],
          "value": "centimetre"
        },
        {
          "synonyms": [],
          "value": "kilometre"
        },
        {
          "synonyms": [],
          "value": "metre"
        },
        {
          "synonyms": [],
          "value": "inches"
        },
        {
          "synonyms": [],
          "value": "yards"
        },
        {
          "synonyms": [],
          "value": "feet"
        },
        {
          "synonyms": [],
          "value": "miles"
        }
      ],
      "matching_strictness": 1.0,
      "use_synonyms": true
    }
  },
  "intents": {
    "length_conversions": {
      "utterances": [
        {
          "data": [
            {
              "text": "change "
            },
            {
              "entity": "lencon",
              "slot_name": "value",
              "text": "conversions"
            },
            {
              "text": " from "
            },
            {
              "entity": "unit1",
              "slot_name": "unit1",
              "text": "millimetre"
            },
            {
              "text": " to "
            },
            {
              "entity": "unit2",
              "slot_name": "unit2",
              "text": "millimetre"
            }
          ]
        },
        {
          "data": [
            {
              "text": "transform "
            },
            {
              "entity": "lencon",
              "slot_name": "value",
              "text": "metric conversions"
            },
            {
              "text": " from "
            },
            {
              "entity": "unit1",
              "slot_name": "unit1",
              "text": "centimetre"
            },
            {
              "text": " to "
            },
            {
              "entity": "unit2",
              "slot_name": "unit2",
              "text": "centimetre"
            }
          ]
        },
        {
          "data": [
            {
              "text": "translate "
            },
            {
              "entity": "lencon",
              "slot_name": "value",
              "text": "length conversions"
            },
            {
              "text": " from "
            },
            {
              "entity": "unit1",
              "slot_name": "unit1",
              "text": "kilometre"
            },
            {
              "text": " to "
            },
            {
              "entity": "unit2",
              "slot_name": "unit2",
              "text": "kilometre"
            }
          ]
        }
      ]
    }
  },
  "language": "en"
}
