{
  "entities": {
    "unit1": {
      "automatically_extensible": true,
      "data": [
        {
          "synonyms": [],
          "value": "ml"
        },
        {
          "synonyms": [],
          "value": "litre"
        },
        {
          "synonyms": [],
          "value": "cubicmetre"
        },
        {
          "synonyms": [],
          "value": "cubicinch"
        },
        {
          "synonyms": [],
          "value": "pint"
        },
        {
          "synonyms": [],
          "value": "quart"
        },
        {
          "synonyms": [],
          "value": "gallon"
        },
        {
          "synonyms": [],
          "value": "barrel"
        }
      ],
      "matching_strictness": 1.0,
      "use_synonyms": true
    },
    "unit2": {
      "automatically_extensible": true,
      "data": [
        {
          "synonyms": [],
          "value": "ml"
        },
        {
          "synonyms": [],
          "value": "litre"
        },
        {
          "synonyms": [],
          "value": "cubicmetre"
        },
        {
          "synonyms": [],
          "value": "cubicinch"
        },
        {
          "synonyms": [],
          "value": "pint"
        },
        {
          "synonyms": [],
          "value": "quart"
        },
        {
          "synonyms": [],
          "value": "gallon"
        },
        {
          "synonyms": [],
          "value": "barrel"
        }
      ],
      "matching_strictness": 1.0,
      "use_synonyms": true
    },
    "volcon": {
      "automatically_extensible": true,
      "data": [
        {
          "synonyms": [
            "metric conversions"
          ],
          "value": "conversions"
        },
        {
          "synonyms": [],
          "value": "length conversions"
        }
      ],
      "matching_strictness": 1.0,
      "use_synonyms": true
    }
  },
  "intents": {
    "volume_conversions": {
      "utterances": [
        {
          "data": [
            {
              "text": "change "
            },
            {
              "entity": "volcon",
              "slot_name": "value",
              "text": "conversions"
            },
            {
              "text": " from "
            },
            {
              "entity": "unit1",
              "slot_name": "unit1",
              "text": "ml"
            },
            {
              "text": " to "
            },
            {
              "entity": "unit2",
              "slot_name": "unit2",
              "text": "ml"
            }
          ]
        },
        {
          "data": [
            {
              "text": "transform "
            },
            {
              "entity": "volcon",
              "slot_name": "value",
              "text": "metric conversions"
            },
            {
              "text": " from "
            },
            {
              "entity": "unit1",
              "slot_name": "unit1",
              "text": "litre"
            },
            {
              "text": " to "
            },
            {
              "entity": "unit2",
              "slot_name": "unit2",
              "text": "litre"
            }
          ]
        },
        {
          "data": [
            {
              "text": "translate "
            },
            {
              "entity": "volcon",
              "slot_name": "value",
              "text": "length conversions"
            },
            {
              "text": " from "
            },
            {
              "entity": "unit1",
              "slot_name": "unit1",
              "text": "cubicmetre"
            },
            {
              "text": " to "
            },
            {
              "entity": "unit2",
              "slot_name": "unit2",
              "text": "cubicmetre"
            }
          ]
        }
      ]
    }
  },
  "language": "en"
}
