{
  "coeffs": [
    [
      -0.30625025845188064,
      -0.40639911237873416,
      -0.8595026395751959,
      -0.3141542078812783,
      -0.26954432031923864,
      -1.7190052791503918,
      -1.7190052791503918,
      -0.8595026395751959,
      -0.4739615843923685,
      -0.26650591883131686,
      -0.4450510212566539,
      -0.3067264845966398,
      -0.35441501655057533,
      -0.3969430698069144,
      1.2047930284767088,
      -0.314913384742488,
      -0.3338582733110685,
      1.436407195167213,
      -0.04680056309295432,
      -0.3673982941264587,
      -0.39994182571267767
    ]
  ],
  "config": {
    "data_augmentation_config": {
      "add_builtin_entities_examples": false,
      "max_unknown_words": null,
      "min_utterances": 20,
      "noise_factor": 5,
      "unknown_word_prob": 0.0,
      "unknown_words_replacement_string": null
    },
    "featurizer_config": {
      "added_cooccurrence_feature_ratio": 0.0,
      "cooccurrence_vectorizer_config": {
        "filter_stop_words": true,
        "keep_order": true,
        "unit_name": "cooccurrence_vectorizer",
        "unknown_words_replacement_string": null,
        "window_size": null
      },
      "pvalue_threshold": 0.4,
      "tfidf_vectorizer_config": {
        "unit_name": "tfidf_vectorizer",
        "use_stemming": false,
        "word_clusters_name": null
      },
      "unit_name": "featurizer"
    },
    "noise_reweight_factor": 1,
    "unit_name": "log_reg_intent_classifier"
  },
  "featurizer": "featurizer",
  "intent_list": [
    "volume_conversions",
    null
  ],
  "intercept": [
    0.3629672325096172
  ],
  "t_": 2401.0
}