{
  "config": {
    "ignore_stop_words": true,
    "unit_name": "lookup_intent_parser"
  },
  "entity_scopes": [
    {
      "entity_scope": {
        "builtin": [],
        "custom": [
          "u1",
          "u2",
          "value"
        ]
      },
      "intent_group": [
        "time_conv"
      ]
    }
  ],
  "intents_names": [
    "time_conv"
  ],
  "language_code": "en",
  "map": {
    "-1979227619": [
      0,
      [
        0,
        1,
        2
      ]
    ],
    "-1512249760": [
      0,
      [
        0,
        1,
        2
      ]
    ],
    "-1408884284": [
      0,
      [
        0,
        1,
        2
      ]
    ],
    "-1386236664": [
      0,
      [
        0,
        1,
        2
      ]
    ],
    "-1334067602": [
      0,
      [
        0,
        1,
        2
      ]
    ],
    "-1321020833": [
      0,
      [
        0,
        1,
        2
      ]
    ],
    "-800619987": [
      0,
      [
        0,
        1,
        2
      ]
    ],
    "-622708350": [
      0,
      [
        0,
        1,
        2
      ]
    ],
    "-534263037": [
      0,
      [
        0,
        1,
        2
      ]
    ],
    "-463060212": [
      0,
      [
        0,
        1,
        2
      ]
    ],
    "-284994165": [
      0,
      [
        0,
        1,
        2
      ]
    ],
    "-83838043": [
      0,
      [
        0,
        1,
        2
      ]
    ],
    "-10074677": [
      0,
      [
        0,
        1,
        2
      ]
    ],
    "33660981": [
      0,
      [
        0,
        1,
        2
      ]
    ],
    "92479805": [
      0,
      [
        0,
        1,
        2
      ]
    ],
    "479000794": [
      0,
      [
        0,
        1,
        2
      ]
    ],
    "516634487": [
      0,
      [
        0,
        1,
        2
      ]
    ],
    "664472770": [
      0,
      [
        0,
        1,
        2
      ]
    ],
    "773626264": [
      0,
      [
        0,
        1,
        2
      ]
    ],
    "1111015151": [
      0,
      [
        0,
        1,
        2
      ]
    ],
    "1269259781": [
      0,
      [
        0,
        1,
        2
      ]
    ],
    "1303766503": [
      0,
      [
        0,
        1,
        2
      ]
    ],
    "1309871586": [
      0,
      [
        0,
        1,
        2
      ]
    ],
    "1310364160": [
      0,
      [
        0,
        1,
        2
      ]
    ],
    "1421809917": [
      0,
      [
        0,
        1,
        2
      ]
    ],
    "1433716282": [
      0,
      [
        0,
        1,
        2
      ]
    ],
    "1497347434": [
      0,
      [
        0,
        1,
        2
      ]
    ],
    "1863653770": [
      0,
      [
        0,
        1,
        2
      ]
    ]
  },
  "slots_names": [
    "value",
    "u1",
    "u2"
  ],
  "stop_words_whitelist": {}
}