{
  "entities": {
    "lencon": {
      "automatically_extensible": true,
      "data": [
        {
          "synonyms": [
            "metric conversions"
          ],
          "value": "conversions"
        },
        {
          "synonyms": [],
          "value": "temperature conversions"
        }
      ],
      "matching_strictness": 1.0,
      "use_synonyms": true
    },
    "unit1": {
      "automatically_extensible": true,
      "data": [
        {
          "synonyms": [],
          "value": "celcius"
        },
        {
          "synonyms": [],
          "value": "fahrenheit"
        },
        {
          "synonyms": [],
          "value": "kelvin"
        }
      ],
      "matching_strictness": 1.0,
      "use_synonyms": true
    },
    "unit2": {
      "automatically_extensible": true,
      "data": [
        {
          "synonyms": [],
          "value": "celcius"
        },
        {
          "synonyms": [],
          "value": "fahrenheit"
        },
        {
          "synonyms": [],
          "value": "kelvin"
        }
      ],
      "matching_strictness": 1.0,
      "use_synonyms": true
    }
  },
  "intents": {
    "length_conversions": {
      "utterances": [
        {
          "data": [
            {
              "text": "change "
            },
            {
              "entity": "lencon",
              "slot_name": "value",
              "text": "conversions"
            },
            {
              "text": " degree from "
            },
            {
              "entity": "unit1",
              "slot_name": "unit1",
              "text": "celcius"
            },
            {
              "text": " to "
            },
            {
              "entity": "unit2",
              "slot_name": "unit2",
              "text": "celcius"
            }
          ]
        },
        {
          "data": [
            {
              "text": "transform "
            },
            {
              "entity": "lencon",
              "slot_name": "value",
              "text": "metric conversions"
            },
            {
              "text": " degree from "
            },
            {
              "entity": "unit1",
              "slot_name": "unit1",
              "text": "fahrenheit"
            },
            {
              "text": " to "
            },
            {
              "entity": "unit2",
              "slot_name": "unit2",
              "text": "fahrenheit"
            }
          ]
        },
        {
          "data": [
            {
              "text": "translate "
            },
            {
              "entity": "lencon",
              "slot_name": "value",
              "text": "temperature conversions"
            },
            {
              "text": " degree from "
            },
            {
              "entity": "unit1",
              "slot_name": "unit1",
              "text": "kelvin"
            },
            {
              "text": " to "
            },
            {
              "entity": "unit2",
              "slot_name": "unit2",
              "text": "kelvin"
            }
          ]
        }
      ]
    }
  },
  "language": "en"
}
