{
  "coeffs": [
    [
      -0.14342328828789572,
      -0.1766205290779606,
      -0.1299603468809657,
      -0.14546550906722153,
      -0.13320172023499227,
      -0.12634248001729553,
      -0.48916878599712504,
      -0.26593318022274387,
      -0.26683227654945435,
      -3.2045815442730103,
      -3.2045815442730103,
      -1.2967371405830541,
      -0.2690803803346704,
      -0.3259194987383944,
      -0.14259715849496507,
      -0.2783760850865583,
      -0.48974277860606097,
      -0.71263308175451,
      -0.3745323161635197,
      0.597504091760081,
      -0.6944677582036929,
      -0.7994542862885305,
      -0.6401509646010135,
      -0.2750141891564182,
      -0.7490051654121979,
      0.07118897251453175,
      -0.24740938693538983,
      -0.4529181102394234,
      1.8172117105265537,
      -0.3259194987383944,
      -0.3835778549635162,
      -0.044054612875691866,
      -0.3047879896433033,
      -0.2754105611641138,
      -0.8026966087859406,
      -0.550719834763857
    ]
  ],
  "config": {
    "data_augmentation_config": {
      "add_builtin_entities_examples": false,
      "max_unknown_words": null,
      "min_utterances": 20,
      "noise_factor": 5,
      "unknown_word_prob": 0.0,
      "unknown_words_replacement_string": null
    },
    "featurizer_config": {
      "added_cooccurrence_feature_ratio": 0.0,
      "cooccurrence_vectorizer_config": {
        "filter_stop_words": true,
        "keep_order": true,
        "unit_name": "cooccurrence_vectorizer",
        "unknown_words_replacement_string": null,
        "window_size": null
      },
      "pvalue_threshold": 0.4,
      "tfidf_vectorizer_config": {
        "unit_name": "tfidf_vectorizer",
        "use_stemming": false,
        "word_clusters_name": null
      },
      "unit_name": "featurizer"
    },
    "noise_reweight_factor": 1,
    "unit_name": "log_reg_intent_classifier"
  },
  "featurizer": "featurizer",
  "intent_list": [
    "storage_conv",
    null
  ],
  "intercept": [
    1.0588421467270581
  ],
  "t_": 3961.0
}