{
  "config": {
    "ignore_stop_words": true,
    "unit_name": "lookup_intent_parser"
  },
  "entity_scopes": [
    {
      "entity_scope": {
        "builtin": [],
        "custom": [
          "u1",
          "value",
          "u2"
        ]
      },
      "intent_group": [
        "storage_conv"
      ]
    }
  ],
  "intents_names": [
    "storage_conv"
  ],
  "language_code": "en",
  "map": {
    "-1321020833": [
      0,
      [
        0,
        1,
        2
      ]
    ],
    "-1112661923": [
      0,
      [
        0,
        1,
        2
      ]
    ],
    "-1058501579": [
      0,
      [
        0,
        1,
        2
      ]
    ],
    "-800619987": [
      0,
      [
        0,
        1,
        2
      ]
    ],
    "-83838043": [
      0,
      [
        0,
        1,
        2
      ]
    ],
    "-10074677": [
      0,
      [
        0,
        1,
        2
      ]
    ],
    "516634487": [
      0,
      [
        0,
        1,
        2
      ]
    ],
    "768286592": [
      0,
      [
        0,
        1,
        2
      ]
    ],
    "1269259781": [
      0,
      [
        0,
        1,
        2
      ]
    ]
  },
  "slots_names": [
    "value",
    "u1",
    "u2"
  ],
  "stop_words_whitelist": {}
}