{
  "coeffs": [
    [
      0.24975458436029455,
      -1.0949069134885043,
      -0.7515346543631997,
      -1.0469347210442885,
      -0.9662156884505899,
      -1.6833277439750909,
      -4.175399158858685,
      -4.175399158858685,
      1.443140039828578,
      -0.37456693184572365,
      -1.1906633690583048,
      0.1462762089418196,
      -1.6033387799321697,
      -0.9193843541603649,
      1.2520016168057708,
      -1.2796365082796441,
      -1.1934696853320474,
      -1.2012146607271073,
      -0.7302605581582765,
      0.29676128172926913
    ]
  ],
  "config": {
    "data_augmentation_config": {
      "add_builtin_entities_examples": false,
      "max_unknown_words": null,
      "min_utterances": 20,
      "noise_factor": 5,
      "unknown_word_prob": 0.0,
      "unknown_words_replacement_string": null
    },
    "featurizer_config": {
      "added_cooccurrence_feature_ratio": 0.0,
      "cooccurrence_vectorizer_config": {
        "filter_stop_words": true,
        "keep_order": true,
        "unit_name": "cooccurrence_vectorizer",
        "unknown_words_replacement_string": null,
        "window_size": null
      },
      "pvalue_threshold": 0.4,
      "tfidf_vectorizer_config": {
        "unit_name": "tfidf_vectorizer",
        "use_stemming": false,
        "word_clusters_name": null
      },
      "unit_name": "featurizer"
    },
    "noise_reweight_factor": 1,
    "unit_name": "log_reg_intent_classifier"
  },
  "featurizer": "featurizer",
  "intent_list": [
    "map_distance",
    null
  ],
  "intercept": [
    1.847388269755982
  ],
  "t_": 4369.0
}