{
  "entities": {
    "location": {
      "automatically_extensible": true,
      "data": [
        {
          "synonyms": [],
          "value": "india"
        },
        {
          "synonyms": [],
          "value": "canada"
        },
        {
          "synonyms": [],
          "value": "ireland"
        },
        {
          "synonyms": [],
          "value": "chennai"
        },
        {
          "synonyms": [],
          "value": "tindivanam"
        },
        {
          "synonyms": [],
          "value": "australia"
        }
      ],
      "matching_strictness": 1.0,
      "use_synonyms": true
    },
    "places": {
      "automatically_extensible": true,
      "data": [
        {
          "synonyms": [],
          "value": "hotels"
        },
        {
          "synonyms": [],
          "value": "restaurants"
        },
        {
          "synonyms": [],
          "value": "petrol bunks"
        },
        {
          "synonyms": [],
          "value": "saloons"
        },
        {
          "synonyms": [],
          "value": "grocery shops"
        },
        {
          "synonyms": [],
          "value": "schools"
        },
        {
          "synonyms": [],
          "value": "hospitals"
        }
      ],
      "matching_strictness": 1.0,
      "use_synonyms": true
    }
  },
  "intents": {
    "map_locations": {
      "utterances": [
        {
          "data": [
            {
              "entity": "places",
              "slot_name": "places",
              "text": "hotels"
            },
            {
              "text": " nearby"
            }
          ]
        },
        {
          "data": [
            {
              "text": "tell me "
            },
            {
              "entity": "places",
              "slot_name": "places",
              "text": "restaurants"
            },
            {
              "text": " nearby"
            }
          ]
        },
        {
          "data": [
            {
              "text": "do you know "
            },
            {
              "entity": "places",
              "slot_name": "places",
              "text": "petrol bunks"
            },
            {
              "text": " nearby"
            }
          ]
        },
        {
          "data": [
            {
              "text": "can you tell me "
            },
            {
              "entity": "places",
              "slot_name": "places",
              "text": "saloons"
            },
            {
              "text": " nearby"
            }
          ]
        },
        {
          "data": [
            {
              "text": "find out "
            },
            {
              "entity": "places",
              "slot_name": "places",
              "text": "grocery shops"
            },
            {
              "text": " nearby"
            }
          ]
        },
        {
          "data": [
            {
              "entity": "places",
              "slot_name": "places",
              "text": "schools"
            },
            {
              "text": " at "
            },
            {
              "entity": "location",
              "slot_name": "location",
              "text": "india"
            }
          ]
        },
        {
          "data": [
            {
              "entity": "places",
              "slot_name": "places",
              "text": "hospitals"
            },
            {
              "text": " in the area of "
            },
            {
              "entity": "location",
              "slot_name": "location",
              "text": "canada"
            }
          ]
        },
        {
          "data": [
            {
              "entity": "places",
              "slot_name": "places",
              "text": "hotels"
            },
            {
              "text": " in "
            },
            {
              "entity": "location",
              "slot_name": "location",
              "text": "ireland"
            }
          ]
        },
        {
          "data": [
            {
              "entity": "places",
              "slot_name": "places",
              "text": "restaurants"
            },
            {
              "text": " around "
            },
            {
              "entity": "location",
              "slot_name": "location",
              "text": "chennai"
            }
          ]
        },
        {
          "data": [
            {
              "text": "tell me "
            },
            {
              "entity": "places",
              "slot_name": "places",
              "text": "petrol bunks"
            },
            {
              "text": " at "
            },
            {
              "entity": "location",
              "slot_name": "location",
              "text": "tindivanam"
            }
          ]
        },
        {
          "data": [
            {
              "text": "do you know "
            },
            {
              "entity": "places",
              "slot_name": "places",
              "text": "saloons"
            },
            {
              "text": " at "
            },
            {
              "entity": "location",
              "slot_name": "location",
              "text": "australia"
            }
          ]
        },
        {
          "data": [
            {
              "text": "can you tell me "
            },
            {
              "entity": "places",
              "slot_name": "places",
              "text": "grocery shops"
            },
            {
              "text": " at "
            },
            {
              "entity": "location",
              "slot_name": "location",
              "text": "india"
            }
          ]
        },
        {
          "data": [
            {
              "text": "find out "
            },
            {
              "entity": "places",
              "slot_name": "places",
              "text": "schools"
            },
            {
              "text": " at "
            },
            {
              "entity": "location",
              "slot_name": "location",
              "text": "canada"
            }
          ]
        },
        {
          "data": [
            {
              "text": "the "
            },
            {
              "entity": "places",
              "slot_name": "places",
              "text": "hospitals"
            },
            {
              "text": " at "
            },
            {
              "entity": "location",
              "slot_name": "location",
              "text": "ireland"
            }
          ]
        },
        {
          "data": [
            {
              "text": "tell me the "
            },
            {
              "entity": "places",
              "slot_name": "places",
              "text": "hotels"
            },
            {
              "text": " at "
            },
            {
              "entity": "location",
              "slot_name": "location",
              "text": "chennai"
            }
          ]
        },
        {
          "data": [
            {
              "text": "do you know the "
            },
            {
              "entity": "places",
              "slot_name": "places",
              "text": "restaurants"
            },
            {
              "text": " at "
            },
            {
              "entity": "location",
              "slot_name": "location",
              "text": "tindivanam"
            }
          ]
        },
        {
          "data": [
            {
              "text": "can you tell me the "
            },
            {
              "entity": "places",
              "slot_name": "places",
              "text": "petrol bunks"
            },
            {
              "text": " at "
            },
            {
              "entity": "location",
              "slot_name": "location",
              "text": "australia"
            }
          ]
        },
        {
          "data": [
            {
              "text": "find out the "
            },
            {
              "entity": "places",
              "slot_name": "places",
              "text": "saloons"
            },
            {
              "text": " at "
            },
            {
              "entity": "location",
              "slot_name": "location",
              "text": "india"
            }
          ]
        },
        {
          "data": [
            {
              "text": "tell me "
            },
            {
              "entity": "places",
              "slot_name": "places",
              "text": "grocery shops"
            },
            {
              "text": " in the area of "
            },
            {
              "entity": "location",
              "slot_name": "location",
              "text": "canada"
            }
          ]
        },
        {
          "data": [
            {
              "text": "do you know "
            },
            {
              "entity": "places",
              "slot_name": "places",
              "text": "schools"
            },
            {
              "text": " in the area of "
            },
            {
              "entity": "location",
              "slot_name": "location",
              "text": "ireland"
            }
          ]
        },
        {
          "data": [
            {
              "text": "can you tell me "
            },
            {
              "entity": "places",
              "slot_name": "places",
              "text": "hospitals"
            },
            {
              "text": " in the area of "
            },
            {
              "entity": "location",
              "slot_name": "location",
              "text": "chennai"
            }
          ]
        },
        {
          "data": [
            {
              "text": "find out "
            },
            {
              "entity": "places",
              "slot_name": "places",
              "text": "hotels"
            },
            {
              "text": " in the area of "
            },
            {
              "entity": "location",
              "slot_name": "location",
              "text": "tindivanam"
            }
          ]
        },
        {
          "data": [
            {
              "text": "the "
            },
            {
              "entity": "places",
              "slot_name": "places",
              "text": "restaurants"
            },
            {
              "text": " in the area of "
            },
            {
              "entity": "location",
              "slot_name": "location",
              "text": "australia"
            }
          ]
        },
        {
          "data": [
            {
              "text": "tell me the "
            },
            {
              "entity": "places",
              "slot_name": "places",
              "text": "petrol bunks"
            },
            {
              "text": " in the area of "
            },
            {
              "entity": "location",
              "slot_name": "location",
              "text": "india"
            }
          ]
        },
        {
          "data": [
            {
              "text": "do you know the "
            },
            {
              "entity": "places",
              "slot_name": "places",
              "text": "saloons"
            },
            {
              "text": " in the area of "
            },
            {
              "entity": "location",
              "slot_name": "location",
              "text": "canada"
            }
          ]
        },
        {
          "data": [
            {
              "text": "can you tell me the "
            },
            {
              "entity": "places",
              "slot_name": "places",
              "text": "grocery shops"
            },
            {
              "text": " in the area of "
            },
            {
              "entity": "location",
              "slot_name": "location",
              "text": "ireland"
            }
          ]
        },
        {
          "data": [
            {
              "text": "find out the "
            },
            {
              "entity": "places",
              "slot_name": "places",
              "text": "schools"
            },
            {
              "text": " in the area of "
            },
            {
              "entity": "location",
              "slot_name": "location",
              "text": "chennai"
            }
          ]
        },
        {
          "data": [
            {
              "text": "tell me "
            },
            {
              "entity": "places",
              "slot_name": "places",
              "text": "hospitals"
            },
            {
              "text": " in "
            },
            {
              "entity": "location",
              "slot_name": "location",
              "text": "tindivanam"
            }
          ]
        },
        {
          "data": [
            {
              "text": "do you know "
            },
            {
              "entity": "places",
              "slot_name": "places",
              "text": "hotels"
            },
            {
              "text": " in "
            },
            {
              "entity": "location",
              "slot_name": "location",
              "text": "australia"
            }
          ]
        },
        {
          "data": [
            {
              "text": "can you tell me "
            },
            {
              "entity": "places",
              "slot_name": "places",
              "text": "restaurants"
            },
            {
              "text": " in "
            },
            {
              "entity": "location",
              "slot_name": "location",
              "text": "india"
            }
          ]
        },
        {
          "data": [
            {
              "text": "find out "
            },
            {
              "entity": "places",
              "slot_name": "places",
              "text": "petrol bunks"
            },
            {
              "text": " in "
            },
            {
              "entity": "location",
              "slot_name": "location",
              "text": "canada"
            }
          ]
        },
        {
          "data": [
            {
              "text": "the "
            },
            {
              "entity": "places",
              "slot_name": "places",
              "text": "saloons"
            },
            {
              "text": " in "
            },
            {
              "entity": "location",
              "slot_name": "location",
              "text": "ireland"
            }
          ]
        },
        {
          "data": [
            {
              "text": "tell me the "
            },
            {
              "entity": "places",
              "slot_name": "places",
              "text": "grocery shops"
            },
            {
              "text": " in "
            },
            {
              "entity": "location",
              "slot_name": "location",
              "text": "chennai"
            }
          ]
        },
        {
          "data": [
            {
              "text": "do you know the "
            },
            {
              "entity": "places",
              "slot_name": "places",
              "text": "schools"
            },
            {
              "text": " in "
            },
            {
              "entity": "location",
              "slot_name": "location",
              "text": "tindivanam"
            }
          ]
        },
        {
          "data": [
            {
              "text": "can you tell me the "
            },
            {
              "entity": "places",
              "slot_name": "places",
              "text": "hospitals"
            },
            {
              "text": " in "
            },
            {
              "entity": "location",
              "slot_name": "location",
              "text": "australia"
            }
          ]
        },
        {
          "data": [
            {
              "text": "find out the "
            },
            {
              "entity": "places",
              "slot_name": "places",
              "text": "hotels"
            },
            {
              "text": " in "
            },
            {
              "entity": "location",
              "slot_name": "location",
              "text": "india"
            }
          ]
        },
        {
          "data": [
            {
              "text": "tell me "
            },
            {
              "entity": "places",
              "slot_name": "places",
              "text": "restaurants"
            },
            {
              "text": " around "
            },
            {
              "entity": "location",
              "slot_name": "location",
              "text": "canada"
            }
          ]
        },
        {
          "data": [
            {
              "text": "do you know "
            },
            {
              "entity": "places",
              "slot_name": "places",
              "text": "petrol bunks"
            },
            {
              "text": " around "
            },
            {
              "entity": "location",
              "slot_name": "location",
              "text": "ireland"
            }
          ]
        },
        {
          "data": [
            {
              "text": "can you tell me "
            },
            {
              "entity": "places",
              "slot_name": "places",
              "text": "saloons"
            },
            {
              "text": " around "
            },
            {
              "entity": "location",
              "slot_name": "location",
              "text": "chennai"
            }
          ]
        },
        {
          "data": [
            {
              "text": "find out "
            },
            {
              "entity": "places",
              "slot_name": "places",
              "text": "grocery shops"
            },
            {
              "text": " around "
            },
            {
              "entity": "location",
              "slot_name": "location",
              "text": "tindivanam"
            }
          ]
        },
        {
          "data": [
            {
              "text": "the "
            },
            {
              "entity": "places",
              "slot_name": "places",
              "text": "schools"
            },
            {
              "text": " around "
            },
            {
              "entity": "location",
              "slot_name": "location",
              "text": "australia"
            }
          ]
        },
        {
          "data": [
            {
              "text": "tell me the "
            },
            {
              "entity": "places",
              "slot_name": "places",
              "text": "hospitals"
            },
            {
              "text": " around "
            },
            {
              "entity": "location",
              "slot_name": "location",
              "text": "india"
            }
          ]
        },
        {
          "data": [
            {
              "text": "do you know the "
            },
            {
              "entity": "places",
              "slot_name": "places",
              "text": "hotels"
            },
            {
              "text": " around "
            },
            {
              "entity": "location",
              "slot_name": "location",
              "text": "canada"
            }
          ]
        },
        {
          "data": [
            {
              "text": "can you tell me the "
            },
            {
              "entity": "places",
              "slot_name": "places",
              "text": "restaurants"
            },
            {
              "text": " around "
            },
            {
              "entity": "location",
              "slot_name": "location",
              "text": "ireland"
            }
          ]
        },
        {
          "data": [
            {
              "text": "find out the "
            },
            {
              "entity": "places",
              "slot_name": "places",
              "text": "petrol bunks"
            },
            {
              "text": " around "
            },
            {
              "entity": "location",
              "slot_name": "location",
              "text": "chennai"
            }
          ]
        }
      ]
    }
  },
  "language": "en"
}
