{"map_locations":[[{"type":"Text","value":"[places] nearby"}],[{"type":"Text","value":"tell me [places] nearby"}],[{"type":"Text","value":"do you know [places] nearby"}],[{"type":"Text","value":"can you tell me [places] nearby"}],[{"type":"Text","value":"find out [places] nearby"}],[{"type":"Text","value":"[places] at [location]"}],[{"type":"Text","value":"[places] in the area of [location]"}],[{"type":"Text","value":"[places] in [location]"}],[{"type":"Text","value":"[places] around [location]"}],[{"type":"Text","value":"tell me [places] at [location]"}],[{"type":"Text","value":"do you know [places] at [location]"}],[{"type":"Text","value":"can you tell me [places] at [location]"}],[{"type":"Text","value":"find out [places] at [location]"}],[{"type":"Text","value":"the [places] at [location]"}],[{"type":"Text","value":"tell me the [places] at [location]"}],[{"type":"Text","value":"do you know the [places] at [location]"}],[{"type":"Text","value":"can you tell me the [places] at [location]"}],[{"type":"Text","value":"find out the [places] at [location]"}],[{"type":"Text","value":"tell me [places] in the area of [location]"}],[{"type":"Text","value":"do you know [places] in the area of [location]"}],[{"type":"Text","value":"can you tell me [places] in the area of [location]"}],[{"type":"Text","value":"find out [places] in the area of [location]"}],[{"type":"Text","value":"the [places] in the area of [location]"}],[{"type":"Text","value":"tell me the [places] in the area of [location]"}],[{"type":"Text","value":"do you know the [places] in the area of [location]"}],[{"type":"Text","value":"can you tell me the [places] in the area of [location]"}],[{"type":"Text","value":"find out the [places] in the area of [location]"}],[{"type":"Text","value":"tell me [places] in [location]"}],[{"type":"Text","value":"do you know [places] in [location]"}],[{"type":"Text","value":"can you tell me [places] in [location]"}],[{"type":"Text","value":"find out [places] in [location]"}],[{"type":"Text","value":"the [places] in [location]"}],[{"type":"Text","value":"tell me the [places] in [location]"}],[{"type":"Text","value":"do you know the [places] in [location]"}],[{"type":"Text","value":"can you tell me the [places] in [location]"}],[{"type":"Text","value":"find out the [places] in [location]"}],[{"type":"Text","value":"tell me [places] around [location]"}],[{"type":"Text","value":"do you know [places] around [location]"}],[{"type":"Text","value":"can you tell me [places] around [location]"}],[{"type":"Text","value":"find out [places] around [location]"}],[{"type":"Text","value":"the [places] around [location]"}],[{"type":"Text","value":"tell me the [places] around [location]"}],[{"type":"Text","value":"do you know the [places] around [location]"}],[{"type":"Text","value":"can you tell me the [places] around [location]"}],[{"type":"Text","value":"find out the [places] around [location]"}]]}