{
  "config": {
    "ignore_stop_words": true,
    "unit_name": "lookup_intent_parser"
  },
  "entity_scopes": [
    {
      "entity_scope": {
        "builtin": [],
        "custom": [
          "location",
          "places"
        ]
      },
      "intent_group": [
        "map_locations"
      ]
    }
  ],
  "intents_names": [
    "map_locations"
  ],
  "language_code": "en",
  "map": {
    "-1411481273": [
      0,
      [
        0,
        1
      ]
    ],
    "-1200668795": [
      0,
      [
        0,
        1
      ]
    ],
    "-1068801830": [
      0,
      [
        0,
        1
      ]
    ],
    "-1008004534": [
      0,
      [
        0,
        1
      ]
    ],
    "-914205748": [
      0,
      [
        0,
        1
      ]
    ],
    "-877715107": [
      0,
      [
        0,
        1
      ]
    ],
    "-622301572": [
      0,
      [
        0,
        1
      ]
    ],
    "-577103727": [
      0,
      [
        0,
        1
      ]
    ],
    "-337280249": [
      0,
      [
        0,
        1
      ]
    ],
    "-2187449": [
      0,
      [
        0
      ]
    ],
    "369755190": [
      0,
      [
        0,
        1
      ]
    ],
    "464454327": [
      0,
      [
        0
      ]
    ],
    "876185766": [
      0,
      [
        0,
        1
      ]
    ],
    "899282974": [
      0,
      [
        0,
        1
      ]
    ],
    "1375356997": [
      0,
      [
        0,
        1
      ]
    ],
    "1544379089": [
      0,
      [
        0,
        1
      ]
    ],
    "1686239026": [
      0,
      [
        0
      ]
    ],
    "1704005917": [
      0,
      [
        0,
        1
      ]
    ],
    "1831220594": [
      0,
      [
        0
      ]
    ],
    "2071615374": [
      0,
      [
        0,
        1
      ]
    ]
  },
  "slots_names": [
    "places",
    "location"
  ],
  "stop_words_whitelist": {}
}