{
  "coeffs": [
    [
      1.5414769191390192,
      1.5611812903636701,
      1.204752529508345,
      -1.9132133706674253,
      -1.584766097466403,
      -0.9911558770272251,
      -1.2404806551394174,
      -1.597127734742079,
      -0.2982585374901148,
      -1.4219500846738211,
      -1.4765716828924091,
      -1.0644244426506189,
      -4.829160840206997,
      -5.165680706736461,
      -1.4015896900172449,
      1.1945405754448302,
      -1.295239311584076,
      -2.0350274790396585,
      -1.7619704939882335,
      0.11356444026157288,
      -0.7139232877845896,
      -1.3076207429322975,
      -1.8954163112205675,
      -1.8320568195010531,
      -1.801857069133469,
      -0.4336992317859088,
      -1.597127734742079,
      -1.3178489603935064,
      -1.2779277468992378,
      -0.6831231341622537,
      -0.8809816433441626,
      -2.3461784324629713,
      1.2559508029605349,
      -1.5410143929784894,
      1.2622788027077414,
      -0.3653436370124964
    ]
  ],
  "config": {
    "data_augmentation_config": {
      "add_builtin_entities_examples": false,
      "max_unknown_words": null,
      "min_utterances": 20,
      "noise_factor": 5,
      "unknown_word_prob": 0.0,
      "unknown_words_replacement_string": null
    },
    "featurizer_config": {
      "added_cooccurrence_feature_ratio": 0.0,
      "cooccurrence_vectorizer_config": {
        "filter_stop_words": true,
        "keep_order": true,
        "unit_name": "cooccurrence_vectorizer",
        "unknown_words_replacement_string": null,
        "window_size": null
      },
      "pvalue_threshold": 0.4,
      "tfidf_vectorizer_config": {
        "unit_name": "tfidf_vectorizer",
        "use_stemming": false,
        "word_clusters_name": null
      },
      "unit_name": "featurizer"
    },
    "noise_reweight_factor": 1,
    "unit_name": "log_reg_intent_classifier"
  },
  "featurizer": "featurizer",
  "intent_list": [
    "map_locations",
    null
  ],
  "intercept": [
    1.9488614554871693
  ],
  "t_": 6211.0
}