{
  "builtin_entity_scope": [],
  "config": {
    "unit_name": "tfidf_vectorizer",
    "use_stemming": false,
    "word_clusters_name": null
  },
  "language_code": "en",
  "vectorizer": {
    "idf_diag": [
      3.849880396541428,
      3.849880396541428,
      2.751268107873318,
      2.751268107873318,
      2.7047480922384253,
      2.7047480922384253,
      4.4094961844768505,
      2.6177367152487956,
      4.004031076368686,
      4.4094961844768505,
      3.716349003916905,
      4.004031076368686,
      3.716349003916905,
      3.849880396541428,
      4.004031076368686,
      2.7047480922384253,
      2.3945931639345854,
      2.499953679592412,
      3.716349003916905,
      3.716349003916905,
      3.849880396541428
    ],
    "vocab": {
      "centimetre": 0,
      "change": 1,
      "conversions": 2,
      "entityfeaturelencon": 3,
      "entityfeatureunit1": 4,
      "entityfeatureunit2": 5,
      "feet": 6,
      "from": 7,
      "inches": 8,
      "kilometre": 9,
      "length": 10,
      "metre": 11,
      "metric": 12,
      "miles": 13,
      "millimetre": 14,
      "of": 15,
      "the": 16,
      "to": 17,
      "transform": 18,
      "translate": 19,
      "yards": 20
    }
  }
}