{
  "builtin_entity_scope": [],
  "config": {
    "unit_name": "tfidf_vectorizer",
    "use_stemming": false,
    "word_clusters_name": null
  },
  "language_code": "en",
  "vectorizer": {
    "idf_diag": [
      3.1567332159814825,
      3.716349003916905,
      2.751268107873318,
      2.7047480922384253,
      2.751268107873318,
      2.751268107873318,
      2.751268107873318,
      3.087740344494531,
      2.6177367152487956,
      3.1567332159814825,
      3.716349003916905,
      2.6177367152487956,
      3.849880396541428,
      2.361803341111595,
      2.3945931639345854,
      3.716349003916905,
      3.849880396541428
    ],
    "vocab": {
      "celcius": 0,
      "change": 1,
      "conversions": 2,
      "degree": 3,
      "entityfeaturelencon": 4,
      "entityfeatureunit1": 5,
      "entityfeatureunit2": 6,
      "fahrenheit": 7,
      "from": 8,
      "kelvin": 9,
      "metric": 10,
      "of": 11,
      "temperature": 12,
      "the": 13,
      "to": 14,
      "transform": 15,
      "translate": 16
    }
  }
}