{
  "config": {
    "ignore_stop_words": true,
    "unit_name": "lookup_intent_parser"
  },
  "entity_scopes": [
    {
      "entity_scope": {
        "builtin": [],
        "custom": [
          "ENTITY_location"
        ]
      },
      "intent_group": [
        "weather"
      ]
    }
  ],
  "intents_names": [
    "weather"
  ],
  "language_code": "en",
  "map": {
    "-2122240652": [
      0,
      [
        0
      ]
    ],
    "-1973058765": [
      0,
      [
        0
      ]
    ],
    "-1905987373": [
      0,
      [
        0
      ]
    ],
    "-1321764867": [
      0,
      [
        0
      ]
    ],
    "-1314569719": [
      0,
      [
        0
      ]
    ],
    "-1161849012": [
      0,
      [
        0
      ]
    ],
    "-1159094049": [
      0,
      [
        0
      ]
    ],
    "-1009281577": [
      0,
      [
        0
      ]
    ],
    "-879089302": [
      0,
      [
        0
      ]
    ],
    "-674238574": [
      0,
      [
        0
      ]
    ],
    "59995394": [
      0,
      [
        0
      ]
    ],
    "87349860": [
      0,
      [
        0
      ]
    ],
    "235627565": [
      0,
      [
        0
      ]
    ],
    "449330069": [
      0,
      [
        0
      ]
    ],
    "539417764": [
      0,
      [
        0
      ]
    ],
    "556896876": [
      0,
      [
        0
      ]
    ],
    "573360596": [
      0,
      [
        0
      ]
    ],
    "699675126": [
      0,
      [
        0
      ]
    ],
    "797331475": [
      0,
      [
        0
      ]
    ],
    "892992882": [
      0,
      [
        0
      ]
    ],
    "903392287": [
      0,
      [
        0
      ]
    ],
    "1040636671": [
      0,
      [
        0
      ]
    ],
    "1144015243": [
      0,
      [
        0
      ]
    ],
    "1145975795": [
      0,
      [
        0
      ]
    ],
    "1148465020": [
      0,
      [
        0
      ]
    ],
    "1381420578": [
      0,
      [
        0
      ]
    ],
    "1617718623": [
      0,
      [
        0
      ]
    ],
    "1787896116": [
      0,
      [
        0
      ]
    ],
    "1898621869": [
      0,
      [
        0
      ]
    ],
    "1948131273": [
      0,
      [
        0
      ]
    ],
    "1949064716": [
      0,
      [
        0
      ]
    ],
    "2101833444": [
      0,
      [
        0
      ]
    ]
  },
  "slots_names": [
    "ENTITY_location"
  ],
  "stop_words_whitelist": {}
}