{
  "entities": {
    "ENTITY_location": {
      "automatically_extensible": true,
      "data": [
        {
          "synonyms": [],
          "value": "india"
        },
        {
          "synonyms": [],
          "value": "canada"
        },
        {
          "synonyms": [],
          "value": "ireland"
        },
        {
          "synonyms": [],
          "value": "chennai"
        },
        {
          "synonyms": [],
          "value": "tindivanam"
        },
        {
          "synonyms": [],
          "value": "australia"
        }
      ],
      "matching_strictness": 1.0,
      "use_synonyms": true
    }
  },
  "intents": {
    "weather": {
      "utterances": [
        {
          "data": [
            {
              "text": "weather at "
            },
            {
              "entity": "ENTITY_location",
              "slot_name": "ENTITY_location",
              "text": "india"
            }
          ]
        },
        {
          "data": [
            {
              "text": "whats weather at "
            },
            {
              "entity": "ENTITY_location",
              "slot_name": "ENTITY_location",
              "text": "canada"
            }
          ]
        },
        {
          "data": [
            {
              "text": "what is weather at "
            },
            {
              "entity": "ENTITY_location",
              "slot_name": "ENTITY_location",
              "text": "ireland"
            }
          ]
        },
        {
          "data": [
            {
              "text": "how is weather at "
            },
            {
              "entity": "ENTITY_location",
              "slot_name": "ENTITY_location",
              "text": "chennai"
            }
          ]
        },
        {
          "data": [
            {
              "text": "hows weather at "
            },
            {
              "entity": "ENTITY_location",
              "slot_name": "ENTITY_location",
              "text": "tindivanam"
            }
          ]
        },
        {
          "data": [
            {
              "text": "the weather at "
            },
            {
              "entity": "ENTITY_location",
              "slot_name": "ENTITY_location",
              "text": "australia"
            }
          ]
        },
        {
          "data": [
            {
              "text": "whats the weather at "
            },
            {
              "entity": "ENTITY_location",
              "slot_name": "ENTITY_location",
              "text": "india"
            }
          ]
        },
        {
          "data": [
            {
              "text": "what is the weather at "
            },
            {
              "entity": "ENTITY_location",
              "slot_name": "ENTITY_location",
              "text": "canada"
            }
          ]
        },
        {
          "data": [
            {
              "text": "how is the weather at "
            },
            {
              "entity": "ENTITY_location",
              "slot_name": "ENTITY_location",
              "text": "ireland"
            }
          ]
        },
        {
          "data": [
            {
              "text": "hows the weather at "
            },
            {
              "entity": "ENTITY_location",
              "slot_name": "ENTITY_location",
              "text": "chennai"
            }
          ]
        },
        {
          "data": [
            {
              "text": "weather in the area of "
            },
            {
              "entity": "ENTITY_location",
              "slot_name": "ENTITY_location",
              "text": "tindivanam"
            }
          ]
        },
        {
          "data": [
            {
              "text": "whats weather in the area of "
            },
            {
              "entity": "ENTITY_location",
              "slot_name": "ENTITY_location",
              "text": "australia"
            }
          ]
        },
        {
          "data": [
            {
              "text": "what is weather in the area of "
            },
            {
              "entity": "ENTITY_location",
              "slot_name": "ENTITY_location",
              "text": "india"
            }
          ]
        },
        {
          "data": [
            {
              "text": "how is weather in the area of "
            },
            {
              "entity": "ENTITY_location",
              "slot_name": "ENTITY_location",
              "text": "canada"
            }
          ]
        },
        {
          "data": [
            {
              "text": "hows weather in the area of "
            },
            {
              "entity": "ENTITY_location",
              "slot_name": "ENTITY_location",
              "text": "ireland"
            }
          ]
        },
        {
          "data": [
            {
              "text": "the weather in the area of "
            },
            {
              "entity": "ENTITY_location",
              "slot_name": "ENTITY_location",
              "text": "chennai"
            }
          ]
        },
        {
          "data": [
            {
              "text": "whats the weather in the area of "
            },
            {
              "entity": "ENTITY_location",
              "slot_name": "ENTITY_location",
              "text": "tindivanam"
            }
          ]
        },
        {
          "data": [
            {
              "text": "what is the weather in the area of "
            },
            {
              "entity": "ENTITY_location",
              "slot_name": "ENTITY_location",
              "text": "australia"
            }
          ]
        },
        {
          "data": [
            {
              "text": "how is the weather in the area of "
            },
            {
              "entity": "ENTITY_location",
              "slot_name": "ENTITY_location",
              "text": "india"
            }
          ]
        },
        {
          "data": [
            {
              "text": "hows the weather in the area of "
            },
            {
              "entity": "ENTITY_location",
              "slot_name": "ENTITY_location",
              "text": "canada"
            }
          ]
        },
        {
          "data": [
            {
              "text": "weather in "
            },
            {
              "entity": "ENTITY_location",
              "slot_name": "ENTITY_location",
              "text": "ireland"
            }
          ]
        },
        {
          "data": [
            {
              "text": "whats weather in "
            },
            {
              "entity": "ENTITY_location",
              "slot_name": "ENTITY_location",
              "text": "chennai"
            }
          ]
        },
        {
          "data": [
            {
              "text": "what is weather in "
            },
            {
              "entity": "ENTITY_location",
              "slot_name": "ENTITY_location",
              "text": "tindivanam"
            }
          ]
        },
        {
          "data": [
            {
              "text": "how is weather in "
            },
            {
              "entity": "ENTITY_location",
              "slot_name": "ENTITY_location",
              "text": "australia"
            }
          ]
        },
        {
          "data": [
            {
              "text": "hows weather in "
            },
            {
              "entity": "ENTITY_location",
              "slot_name": "ENTITY_location",
              "text": "india"
            }
          ]
        },
        {
          "data": [
            {
              "text": "the weather in "
            },
            {
              "entity": "ENTITY_location",
              "slot_name": "ENTITY_location",
              "text": "canada"
            }
          ]
        },
        {
          "data": [
            {
              "text": "whats the weather in "
            },
            {
              "entity": "ENTITY_location",
              "slot_name": "ENTITY_location",
              "text": "ireland"
            }
          ]
        },
        {
          "data": [
            {
              "text": "what is the weather in "
            },
            {
              "entity": "ENTITY_location",
              "slot_name": "ENTITY_location",
              "text": "chennai"
            }
          ]
        },
        {
          "data": [
            {
              "text": "how is the weather in "
            },
            {
              "entity": "ENTITY_location",
              "slot_name": "ENTITY_location",
              "text": "tindivanam"
            }
          ]
        },
        {
          "data": [
            {
              "text": "hows the weather in "
            },
            {
              "entity": "ENTITY_location",
              "slot_name": "ENTITY_location",
              "text": "australia"
            }
          ]
        },
        {
          "data": [
            {
              "text": "weather around "
            },
            {
              "entity": "ENTITY_location",
              "slot_name": "ENTITY_location",
              "text": "india"
            }
          ]
        },
        {
          "data": [
            {
              "text": "whats weather around "
            },
            {
              "entity": "ENTITY_location",
              "slot_name": "ENTITY_location",
              "text": "canada"
            }
          ]
        },
        {
          "data": [
            {
              "text": "what is weather around "
            },
            {
              "entity": "ENTITY_location",
              "slot_name": "ENTITY_location",
              "text": "ireland"
            }
          ]
        },
        {
          "data": [
            {
              "text": "how is weather around "
            },
            {
              "entity": "ENTITY_location",
              "slot_name": "ENTITY_location",
              "text": "chennai"
            }
          ]
        },
        {
          "data": [
            {
              "text": "hows weather around "
            },
            {
              "entity": "ENTITY_location",
              "slot_name": "ENTITY_location",
              "text": "tindivanam"
            }
          ]
        },
        {
          "data": [
            {
              "text": "the weather around "
            },
            {
              "entity": "ENTITY_location",
              "slot_name": "ENTITY_location",
              "text": "australia"
            }
          ]
        },
        {
          "data": [
            {
              "text": "whats the weather around "
            },
            {
              "entity": "ENTITY_location",
              "slot_name": "ENTITY_location",
              "text": "india"
            }
          ]
        },
        {
          "data": [
            {
              "text": "what is the weather around "
            },
            {
              "entity": "ENTITY_location",
              "slot_name": "ENTITY_location",
              "text": "canada"
            }
          ]
        },
        {
          "data": [
            {
              "text": "how is the weather around "
            },
            {
              "entity": "ENTITY_location",
              "slot_name": "ENTITY_location",
              "text": "ireland"
            }
          ]
        },
        {
          "data": [
            {
              "text": "hows the weather around "
            },
            {
              "entity": "ENTITY_location",
              "slot_name": "ENTITY_location",
              "text": "chennai"
            }
          ]
        },
        {
          "data": [
            {
              "text": "tell me weather at "
            },
            {
              "entity": "ENTITY_location",
              "slot_name": "ENTITY_location",
              "text": "tindivanam"
            }
          ]
        },
        {
          "data": [
            {
              "text": "do you know weather at "
            },
            {
              "entity": "ENTITY_location",
              "slot_name": "ENTITY_location",
              "text": "australia"
            }
          ]
        },
        {
          "data": [
            {
              "text": "can you tell me weather at "
            },
            {
              "entity": "ENTITY_location",
              "slot_name": "ENTITY_location",
              "text": "india"
            }
          ]
        },
        {
          "data": [
            {
              "text": "find out weather at "
            },
            {
              "entity": "ENTITY_location",
              "slot_name": "ENTITY_location",
              "text": "canada"
            }
          ]
        },
        {
          "data": [
            {
              "text": "tell me the weather at "
            },
            {
              "entity": "ENTITY_location",
              "slot_name": "ENTITY_location",
              "text": "ireland"
            }
          ]
        },
        {
          "data": [
            {
              "text": "do you know the weather at "
            },
            {
              "entity": "ENTITY_location",
              "slot_name": "ENTITY_location",
              "text": "chennai"
            }
          ]
        },
        {
          "data": [
            {
              "text": "can you tell me the weather at "
            },
            {
              "entity": "ENTITY_location",
              "slot_name": "ENTITY_location",
              "text": "tindivanam"
            }
          ]
        },
        {
          "data": [
            {
              "text": "find out the weather at "
            },
            {
              "entity": "ENTITY_location",
              "slot_name": "ENTITY_location",
              "text": "australia"
            }
          ]
        },
        {
          "data": [
            {
              "text": "tell me weather in the area of "
            },
            {
              "entity": "ENTITY_location",
              "slot_name": "ENTITY_location",
              "text": "india"
            }
          ]
        },
        {
          "data": [
            {
              "text": "do you know weather in the area of "
            },
            {
              "entity": "ENTITY_location",
              "slot_name": "ENTITY_location",
              "text": "canada"
            }
          ]
        },
        {
          "data": [
            {
              "text": "can you tell me weather in the area of "
            },
            {
              "entity": "ENTITY_location",
              "slot_name": "ENTITY_location",
              "text": "ireland"
            }
          ]
        },
        {
          "data": [
            {
              "text": "find out weather in the area of "
            },
            {
              "entity": "ENTITY_location",
              "slot_name": "ENTITY_location",
              "text": "chennai"
            }
          ]
        },
        {
          "data": [
            {
              "text": "tell me the weather in the area of "
            },
            {
              "entity": "ENTITY_location",
              "slot_name": "ENTITY_location",
              "text": "tindivanam"
            }
          ]
        },
        {
          "data": [
            {
              "text": "do you know the weather in the area of "
            },
            {
              "entity": "ENTITY_location",
              "slot_name": "ENTITY_location",
              "text": "australia"
            }
          ]
        },
        {
          "data": [
            {
              "text": "can you tell me the weather in the area of "
            },
            {
              "entity": "ENTITY_location",
              "slot_name": "ENTITY_location",
              "text": "india"
            }
          ]
        },
        {
          "data": [
            {
              "text": "find out the weather in the area of "
            },
            {
              "entity": "ENTITY_location",
              "slot_name": "ENTITY_location",
              "text": "canada"
            }
          ]
        },
        {
          "data": [
            {
              "text": "tell me weather in "
            },
            {
              "entity": "ENTITY_location",
              "slot_name": "ENTITY_location",
              "text": "ireland"
            }
          ]
        },
        {
          "data": [
            {
              "text": "do you know weather in "
            },
            {
              "entity": "ENTITY_location",
              "slot_name": "ENTITY_location",
              "text": "chennai"
            }
          ]
        },
        {
          "data": [
            {
              "text": "can you tell me weather in "
            },
            {
              "entity": "ENTITY_location",
              "slot_name": "ENTITY_location",
              "text": "tindivanam"
            }
          ]
        },
        {
          "data": [
            {
              "text": "find out weather in "
            },
            {
              "entity": "ENTITY_location",
              "slot_name": "ENTITY_location",
              "text": "australia"
            }
          ]
        },
        {
          "data": [
            {
              "text": "tell me the weather in "
            },
            {
              "entity": "ENTITY_location",
              "slot_name": "ENTITY_location",
              "text": "india"
            }
          ]
        },
        {
          "data": [
            {
              "text": "do you know the weather in "
            },
            {
              "entity": "ENTITY_location",
              "slot_name": "ENTITY_location",
              "text": "canada"
            }
          ]
        },
        {
          "data": [
            {
              "text": "can you tell me the weather in "
            },
            {
              "entity": "ENTITY_location",
              "slot_name": "ENTITY_location",
              "text": "ireland"
            }
          ]
        },
        {
          "data": [
            {
              "text": "find out the weather in "
            },
            {
              "entity": "ENTITY_location",
              "slot_name": "ENTITY_location",
              "text": "chennai"
            }
          ]
        },
        {
          "data": [
            {
              "text": "tell me weather around "
            },
            {
              "entity": "ENTITY_location",
              "slot_name": "ENTITY_location",
              "text": "tindivanam"
            }
          ]
        },
        {
          "data": [
            {
              "text": "do you know weather around "
            },
            {
              "entity": "ENTITY_location",
              "slot_name": "ENTITY_location",
              "text": "australia"
            }
          ]
        },
        {
          "data": [
            {
              "text": "can you tell me weather around "
            },
            {
              "entity": "ENTITY_location",
              "slot_name": "ENTITY_location",
              "text": "india"
            }
          ]
        },
        {
          "data": [
            {
              "text": "find out weather around "
            },
            {
              "entity": "ENTITY_location",
              "slot_name": "ENTITY_location",
              "text": "canada"
            }
          ]
        },
        {
          "data": [
            {
              "text": "tell me the weather around "
            },
            {
              "entity": "ENTITY_location",
              "slot_name": "ENTITY_location",
              "text": "ireland"
            }
          ]
        },
        {
          "data": [
            {
              "text": "do you know the weather around "
            },
            {
              "entity": "ENTITY_location",
              "slot_name": "ENTITY_location",
              "text": "chennai"
            }
          ]
        },
        {
          "data": [
            {
              "text": "can you tell me the weather around "
            },
            {
              "entity": "ENTITY_location",
              "slot_name": "ENTITY_location",
              "text": "tindivanam"
            }
          ]
        },
        {
          "data": [
            {
              "text": "find out the weather around "
            },
            {
              "entity": "ENTITY_location",
              "slot_name": "ENTITY_location",
              "text": "australia"
            }
          ]
        }
      ]
    }
  },
  "language": "en"
}
