{"weather":[[{"type":"Text","value":"weather at [ENTITY_location]"}],[{"type":"Text","value":"whats weather at [ENTITY_location]"}],[{"type":"Text","value":"what is weather at [ENTITY_location]"}],[{"type":"Text","value":"how is weather at [ENTITY_location]"}],[{"type":"Text","value":"hows weather at [ENTITY_location]"}],[{"type":"Text","value":"the weather at [ENTITY_location]"}],[{"type":"Text","value":"whats the weather at [ENTITY_location]"}],[{"type":"Text","value":"what is the weather at [ENTITY_location]"}],[{"type":"Text","value":"how is the weather at [ENTITY_location]"}],[{"type":"Text","value":"hows the weather at [ENTITY_location]"}],[{"type":"Text","value":"weather in the area of [ENTITY_location]"}],[{"type":"Text","value":"whats weather in the area of [ENTITY_location]"}],[{"type":"Text","value":"what is weather in the area of [ENTITY_location]"}],[{"type":"Text","value":"how is weather in the area of [ENTITY_location]"}],[{"type":"Text","value":"hows weather in the area of [ENTITY_location]"}],[{"type":"Text","value":"the weather in the area of [ENTITY_location]"}],[{"type":"Text","value":"whats the weather in the area of [ENTITY_location]"}],[{"type":"Text","value":"what is the weather in the area of [ENTITY_location]"}],[{"type":"Text","value":"how is the weather in the area of [ENTITY_location]"}],[{"type":"Text","value":"hows the weather in the area of [ENTITY_location]"}],[{"type":"Text","value":"weather in [ENTITY_location]"}],[{"type":"Text","value":"whats weather in [ENTITY_location]"}],[{"type":"Text","value":"what is weather in [ENTITY_location]"}],[{"type":"Text","value":"how is weather in [ENTITY_location]"}],[{"type":"Text","value":"hows weather in [ENTITY_location]"}],[{"type":"Text","value":"the weather in [ENTITY_location]"}],[{"type":"Text","value":"whats the weather in [ENTITY_location]"}],[{"type":"Text","value":"what is the weather in [ENTITY_location]"}],[{"type":"Text","value":"how is the weather in [ENTITY_location]"}],[{"type":"Text","value":"hows the weather in [ENTITY_location]"}],[{"type":"Text","value":"weather around [ENTITY_location]"}],[{"type":"Text","value":"whats weather around [ENTITY_location]"}],[{"type":"Text","value":"what is weather around [ENTITY_location]"}],[{"type":"Text","value":"how is weather around [ENTITY_location]"}],[{"type":"Text","value":"hows weather around [ENTITY_location]"}],[{"type":"Text","value":"the weather around [ENTITY_location]"}],[{"type":"Text","value":"whats the weather around [ENTITY_location]"}],[{"type":"Text","value":"what is the weather around [ENTITY_location]"}],[{"type":"Text","value":"how is the weather around [ENTITY_location]"}],[{"type":"Text","value":"hows the weather around [ENTITY_location]"}],[{"type":"Text","value":"tell me weather at [ENTITY_location]"}],[{"type":"Text","value":"do you know weather at [ENTITY_location]"}],[{"type":"Text","value":"can you tell me weather at [ENTITY_location]"}],[{"type":"Text","value":"find out weather at [ENTITY_location]"}],[{"type":"Text","value":"tell me the weather at [ENTITY_location]"}],[{"type":"Text","value":"do you know the weather at [ENTITY_location]"}],[{"type":"Text","value":"can you tell me the weather at [ENTITY_location]"}],[{"type":"Text","value":"find out the weather at [ENTITY_location]"}],[{"type":"Text","value":"tell me weather in the area of [ENTITY_location]"}],[{"type":"Text","value":"do you know weather in the area of [ENTITY_location]"}],[{"type":"Text","value":"can you tell me weather in the area of [ENTITY_location]"}],[{"type":"Text","value":"find out weather in the area of [ENTITY_location]"}],[{"type":"Text","value":"tell me the weather in the area of [ENTITY_location]"}],[{"type":"Text","value":"do you know the weather in the area of [ENTITY_location]"}],[{"type":"Text","value":"can you tell me the weather in the area of [ENTITY_location]"}],[{"type":"Text","value":"find out the weather in the area of [ENTITY_location]"}],[{"type":"Text","value":"tell me weather in [ENTITY_location]"}],[{"type":"Text","value":"do you know weather in [ENTITY_location]"}],[{"type":"Text","value":"can you tell me weather in [ENTITY_location]"}],[{"type":"Text","value":"find out weather in [ENTITY_location]"}],[{"type":"Text","value":"tell me the weather in [ENTITY_location]"}],[{"type":"Text","value":"do you know the weather in [ENTITY_location]"}],[{"type":"Text","value":"can you tell me the weather in [ENTITY_location]"}],[{"type":"Text","value":"find out the weather in [ENTITY_location]"}],[{"type":"Text","value":"tell me weather around [ENTITY_location]"}],[{"type":"Text","value":"do you know weather around [ENTITY_location]"}],[{"type":"Text","value":"can you tell me weather around [ENTITY_location]"}],[{"type":"Text","value":"find out weather around [ENTITY_location]"}],[{"type":"Text","value":"tell me the weather around [ENTITY_location]"}],[{"type":"Text","value":"do you know the weather around [ENTITY_location]"}],[{"type":"Text","value":"can you tell me the weather around [ENTITY_location]"}],[{"type":"Text","value":"find out the weather around [ENTITY_location]"}]]}