{
  "builtin_entity_scope": [],
  "config": {
    "unit_name": "tfidf_vectorizer",
    "use_stemming": false,
    "word_clusters_name": null
  },
  "language_code": "en",
  "vectorizer": {
    "idf_diag": [
      2.4163266482187655,
      3.8273136219290276,
      4.520460802488973,
      3.932674137586854,
      3.8273136219290276,
      3.4218485138208634,
      2.7287013332609185,
      2.7287013332609185,
      3.3573099926832923,
      3.932674137586854,
      3.932674137586854,
      3.4908413853078146,
      3.4218485138208634,
      3.4908413853078146,
      2.441019260809137,
      3.5649493574615367,
      3.644992065135073,
      3.932674137586854,
      4.520460802488973,
      4.050457173243238
    ],
    "vocab": {
      "and": 0,
      "australia": 1,
      "can": 2,
      "canada": 3,
      "chennai": 4,
      "distance": 5,
      "entityfeatureloc1": 6,
      "entityfeatureloc2": 7,
      "in": 8,
      "india": 9,
      "ireland": 10,
      "is": 11,
      "length": 12,
      "me": 13,
      "of": 14,
      "tell": 15,
      "tindivanam": 16,
      "what": 17,
      "whats": 18,
      "you": 19
    }
  }
}