{
  "config": {
    "ignore_stop_words": true,
    "unit_name": "lookup_intent_parser"
  },
  "entity_scopes": [
    {
      "entity_scope": {
        "builtin": [],
        "custom": [
          "volcon",
          "unit2",
          "unit1"
        ]
      },
      "intent_group": [
        "volume_conversions"
      ]
    }
  ],
  "intents_names": [
    "volume_conversions"
  ],
  "language_code": "en",
  "map": {
    "957135527": [
      0,
      [
        0,
        1,
        2
      ]
    ],
    "1827966641": [
      0,
      [
        0,
        1,
        2
      ]
    ],
    "1874810015": [
      0,
      [
        0,
        1,
        2
      ]
    ]
  },
  "slots_names": [
    "value",
    "unit1",
    "unit2"
  ],
  "stop_words_whitelist": {}
}