{
  "coeffs": [
    [
      1.7130445078271124,
      0.9759428289262962,
      1.5825238800642865,
      1.3105623252207539,
      -2.9207772348874697,
      -1.7357068779619933,
      0.7384038196380364,
      -1.0504655327729893,
      -1.8338836310751983,
      -0.3959289916529747,
      -1.7980619019421813,
      -1.7237390090210338,
      -0.31677966660669554,
      -5.994026928382496,
      -0.9105954280193876,
      1.2069304632726652,
      -0.8914197643139998,
      -1.2183072098815688,
      0.9263353643783016,
      -0.020145842665375273,
      -0.8631985149162976,
      -1.8388891500356543,
      -0.5952823560000002,
      0.9945298711156566,
      -1.5096444296631466,
      -1.3861839344475069,
      0.8552568681333288,
      0.923191356681093,
      -0.595727552468685,
      -1.7717393815535492,
      1.201201135480751,
      0.6917018371944919,
      0.8552386360755344,
      -1.6896335580945523,
      1.7401373890812875,
      -7.12438313795485,
      -1.1381363376892208,
      -1.2457993837211734,
      1.0026861887406375,
      -0.28019271215993524
    ]
  ],
  "config": {
    "data_augmentation_config": {
      "add_builtin_entities_examples": false,
      "max_unknown_words": null,
      "min_utterances": 20,
      "noise_factor": 5,
      "unknown_word_prob": 0.0,
      "unknown_words_replacement_string": null
    },
    "featurizer_config": {
      "added_cooccurrence_feature_ratio": 0.0,
      "cooccurrence_vectorizer_config": {
        "filter_stop_words": true,
        "keep_order": true,
        "unit_name": "cooccurrence_vectorizer",
        "unknown_words_replacement_string": null,
        "window_size": null
      },
      "pvalue_threshold": 0.4,
      "tfidf_vectorizer_config": {
        "unit_name": "tfidf_vectorizer",
        "use_stemming": false,
        "word_clusters_name": null
      },
      "unit_name": "featurizer"
    },
    "noise_reweight_factor": 1,
    "unit_name": "log_reg_intent_classifier"
  },
  "featurizer": "featurizer",
  "intent_list": [
    "weather",
    null
  ],
  "intercept": [
    2.1783673452170342
  ],
  "t_": 7345.0
}