{
  "entities": {
    "u1": {
      "automatically_extensible": true,
      "data": [
        {
          "synonyms": [],
          "value": "minute"
        },
        {
          "synonyms": [],
          "value": "minutes"
        },
        {
          "synonyms": [],
          "value": "hour"
        },
        {
          "synonyms": [],
          "value": "hours"
        },
        {
          "synonyms": [],
          "value": "second"
        },
        {
          "synonyms": [],
          "value": "seconds"
        },
        {
          "synonyms": [],
          "value": "week"
        },
        {
          "synonyms": [],
          "value": "weeks"
        },
        {
          "synonyms": [],
          "value": "month"
        },
        {
          "synonyms": [],
          "value": "months"
        },
        {
          "synonyms": [],
          "value": "year"
        },
        {
          "synonyms": [],
          "value": "years"
        },
        {
          "synonyms": [],
          "value": "day"
        },
        {
          "synonyms": [],
          "value": "days"
        }
      ],
      "matching_strictness": 1.0,
      "use_synonyms": true
    },
    "u2": {
      "automatically_extensible": true,
      "data": [
        {
          "synonyms": [],
          "value": "minute"
        },
        {
          "synonyms": [],
          "value": "minutes"
        },
        {
          "synonyms": [],
          "value": "hour"
        },
        {
          "synonyms": [],
          "value": "hours"
        },
        {
          "synonyms": [],
          "value": "second"
        },
        {
          "synonyms": [],
          "value": "seconds"
        },
        {
          "synonyms": [],
          "value": "week"
        },
        {
          "synonyms": [],
          "value": "weeks"
        },
        {
          "synonyms": [],
          "value": "month"
        },
        {
          "synonyms": [],
          "value": "months"
        },
        {
          "synonyms": [],
          "value": "year"
        },
        {
          "synonyms": [],
          "value": "years"
        },
        {
          "synonyms": [],
          "value": "day"
        },
        {
          "synonyms": [],
          "value": "days"
        }
      ],
      "matching_strictness": 1.0,
      "use_synonyms": true
    },
    "value": {
      "automatically_extensible": true,
      "data": [
        {
          "synonyms": [],
          "value": "one"
        },
        {
          "synonyms": [],
          "value": "thirty five"
        },
        {
          "synonyms": [],
          "value": "hundred"
        },
        {
          "synonyms": [],
          "value": "fifty"
        },
        {
          "synonyms": [],
          "value": "thousand"
        },
        {
          "synonyms": [],
          "value": "fourty"
        }
      ],
      "matching_strictness": 1.0,
      "use_synonyms": true
    }
  },
  "intents": {
    "time_conv": {
      "utterances": [
        {
          "data": [
            {
              "text": "transform "
            },
            {
              "entity": "value",
              "slot_name": "value",
              "text": "one"
            },
            {
              "text": " "
            },
            {
              "entity": "u1",
              "slot_name": "u1",
              "text": "minute"
            },
            {
              "text": " equal to "
            },
            {
              "entity": "u2",
              "slot_name": "u2",
              "text": "minute"
            }
          ]
        },
        {
          "data": [
            {
              "text": "translate "
            },
            {
              "entity": "value",
              "slot_name": "value",
              "text": "thirty five"
            },
            {
              "text": " "
            },
            {
              "entity": "u1",
              "slot_name": "u1",
              "text": "minutes"
            },
            {
              "text": " equal to "
            },
            {
              "entity": "u2",
              "slot_name": "u2",
              "text": "minutes"
            }
          ]
        },
        {
          "data": [
            {
              "text": "change "
            },
            {
              "entity": "value",
              "slot_name": "value",
              "text": "hundred"
            },
            {
              "text": " "
            },
            {
              "entity": "u1",
              "slot_name": "u1",
              "text": "hour"
            },
            {
              "text": " equal to "
            },
            {
              "entity": "u2",
              "slot_name": "u2",
              "text": "hour"
            }
          ]
        },
        {
          "data": [
            {
              "text": "transform "
            },
            {
              "entity": "value",
              "slot_name": "value",
              "text": "fifty"
            },
            {
              "text": " "
            },
            {
              "entity": "u1",
              "slot_name": "u1",
              "text": "hours"
            },
            {
              "text": " equals to "
            },
            {
              "entity": "u2",
              "slot_name": "u2",
              "text": "hours"
            }
          ]
        },
        {
          "data": [
            {
              "text": "translate "
            },
            {
              "entity": "value",
              "slot_name": "value",
              "text": "thousand"
            },
            {
              "text": " "
            },
            {
              "entity": "u1",
              "slot_name": "u1",
              "text": "second"
            },
            {
              "text": " equals to "
            },
            {
              "entity": "u2",
              "slot_name": "u2",
              "text": "second"
            }
          ]
        },
        {
          "data": [
            {
              "text": "change "
            },
            {
              "entity": "value",
              "slot_name": "value",
              "text": "fourty"
            },
            {
              "text": " "
            },
            {
              "entity": "u1",
              "slot_name": "u1",
              "text": "seconds"
            },
            {
              "text": " equals to "
            },
            {
              "entity": "u2",
              "slot_name": "u2",
              "text": "seconds"
            }
          ]
        },
        {
          "data": [
            {
              "text": "transform "
            },
            {
              "entity": "value",
              "slot_name": "value",
              "text": "one"
            },
            {
              "text": " "
            },
            {
              "entity": "u1",
              "slot_name": "u1",
              "text": "week"
            },
            {
              "text": " in "
            },
            {
              "entity": "u2",
              "slot_name": "u2",
              "text": "week"
            }
          ]
        },
        {
          "data": [
            {
              "text": "translate "
            },
            {
              "entity": "value",
              "slot_name": "value",
              "text": "thirty five"
            },
            {
              "text": " "
            },
            {
              "entity": "u1",
              "slot_name": "u1",
              "text": "weeks"
            },
            {
              "text": " in "
            },
            {
              "entity": "u2",
              "slot_name": "u2",
              "text": "weeks"
            }
          ]
        },
        {
          "data": [
            {
              "text": "change "
            },
            {
              "entity": "value",
              "slot_name": "value",
              "text": "hundred"
            },
            {
              "text": " "
            },
            {
              "entity": "u1",
              "slot_name": "u1",
              "text": "month"
            },
            {
              "text": " in "
            },
            {
              "entity": "u2",
              "slot_name": "u2",
              "text": "month"
            }
          ]
        },
        {
          "data": [
            {
              "text": "transform "
            },
            {
              "entity": "value",
              "slot_name": "value",
              "text": "fifty"
            },
            {
              "text": " "
            },
            {
              "entity": "u1",
              "slot_name": "u1",
              "text": "months"
            },
            {
              "text": " to "
            },
            {
              "entity": "u2",
              "slot_name": "u2",
              "text": "months"
            }
          ]
        },
        {
          "data": [
            {
              "text": "translate "
            },
            {
              "entity": "value",
              "slot_name": "value",
              "text": "thousand"
            },
            {
              "text": " "
            },
            {
              "entity": "u1",
              "slot_name": "u1",
              "text": "year"
            },
            {
              "text": " to "
            },
            {
              "entity": "u2",
              "slot_name": "u2",
              "text": "year"
            }
          ]
        },
        {
          "data": [
            {
              "text": "change "
            },
            {
              "entity": "value",
              "slot_name": "value",
              "text": "fourty"
            },
            {
              "text": " "
            },
            {
              "entity": "u1",
              "slot_name": "u1",
              "text": "years"
            },
            {
              "text": " to "
            },
            {
              "entity": "u2",
              "slot_name": "u2",
              "text": "years"
            }
          ]
        },
        {
          "data": [
            {
              "entity": "value",
              "slot_name": "value",
              "text": "one"
            },
            {
              "text": " "
            },
            {
              "entity": "u1",
              "slot_name": "u1",
              "text": "day"
            },
            {
              "text": " equal to "
            },
            {
              "entity": "u2",
              "slot_name": "u2",
              "text": "day"
            }
          ]
        },
        {
          "data": [
            {
              "text": "what is "
            },
            {
              "entity": "value",
              "slot_name": "value",
              "text": "thirty five"
            },
            {
              "text": " "
            },
            {
              "entity": "u1",
              "slot_name": "u1",
              "text": "days"
            },
            {
              "text": " equal to "
            },
            {
              "entity": "u2",
              "slot_name": "u2",
              "text": "days"
            }
          ]
        },
        {
          "data": [
            {
              "text": "value of "
            },
            {
              "entity": "value",
              "slot_name": "value",
              "text": "hundred"
            },
            {
              "text": " "
            },
            {
              "entity": "u1",
              "slot_name": "u1",
              "text": "minute"
            },
            {
              "text": " equal to "
            },
            {
              "entity": "u2",
              "slot_name": "u2",
              "text": "minute"
            }
          ]
        },
        {
          "data": [
            {
              "text": "tell me "
            },
            {
              "entity": "value",
              "slot_name": "value",
              "text": "fifty"
            },
            {
              "text": " "
            },
            {
              "entity": "u1",
              "slot_name": "u1",
              "text": "minutes"
            },
            {
              "text": " equal to "
            },
            {
              "entity": "u2",
              "slot_name": "u2",
              "text": "minutes"
            }
          ]
        },
        {
          "data": [
            {
              "text": "can you tell me "
            },
            {
              "entity": "value",
              "slot_name": "value",
              "text": "thousand"
            },
            {
              "text": " "
            },
            {
              "entity": "u1",
              "slot_name": "u1",
              "text": "hour"
            },
            {
              "text": " equal to "
            },
            {
              "entity": "u2",
              "slot_name": "u2",
              "text": "hour"
            }
          ]
        },
        {
          "data": [
            {
              "entity": "value",
              "slot_name": "value",
              "text": "fourty"
            },
            {
              "text": " "
            },
            {
              "entity": "u1",
              "slot_name": "u1",
              "text": "hours"
            },
            {
              "text": " equals to "
            },
            {
              "entity": "u2",
              "slot_name": "u2",
              "text": "hours"
            }
          ]
        },
        {
          "data": [
            {
              "text": "what is "
            },
            {
              "entity": "value",
              "slot_name": "value",
              "text": "one"
            },
            {
              "text": " "
            },
            {
              "entity": "u1",
              "slot_name": "u1",
              "text": "second"
            },
            {
              "text": " equals to "
            },
            {
              "entity": "u2",
              "slot_name": "u2",
              "text": "second"
            }
          ]
        },
        {
          "data": [
            {
              "text": "value of "
            },
            {
              "entity": "value",
              "slot_name": "value",
              "text": "thirty five"
            },
            {
              "text": " "
            },
            {
              "entity": "u1",
              "slot_name": "u1",
              "text": "seconds"
            },
            {
              "text": " equals to "
            },
            {
              "entity": "u2",
              "slot_name": "u2",
              "text": "seconds"
            }
          ]
        },
        {
          "data": [
            {
              "text": "tell me "
            },
            {
              "entity": "value",
              "slot_name": "value",
              "text": "hundred"
            },
            {
              "text": " "
            },
            {
              "entity": "u1",
              "slot_name": "u1",
              "text": "week"
            },
            {
              "text": " equals to "
            },
            {
              "entity": "u2",
              "slot_name": "u2",
              "text": "week"
            }
          ]
        },
        {
          "data": [
            {
              "text": "can you tell me "
            },
            {
              "entity": "value",
              "slot_name": "value",
              "text": "fifty"
            },
            {
              "text": " "
            },
            {
              "entity": "u1",
              "slot_name": "u1",
              "text": "weeks"
            },
            {
              "text": " equals to "
            },
            {
              "entity": "u2",
              "slot_name": "u2",
              "text": "weeks"
            }
          ]
        },
        {
          "data": [
            {
              "entity": "value",
              "slot_name": "value",
              "text": "thousand"
            },
            {
              "text": " "
            },
            {
              "entity": "u1",
              "slot_name": "u1",
              "text": "month"
            },
            {
              "text": " in "
            },
            {
              "entity": "u2",
              "slot_name": "u2",
              "text": "month"
            }
          ]
        },
        {
          "data": [
            {
              "text": "what is "
            },
            {
              "entity": "value",
              "slot_name": "value",
              "text": "fourty"
            },
            {
              "text": " "
            },
            {
              "entity": "u1",
              "slot_name": "u1",
              "text": "months"
            },
            {
              "text": " in "
            },
            {
              "entity": "u2",
              "slot_name": "u2",
              "text": "months"
            }
          ]
        },
        {
          "data": [
            {
              "text": "value of "
            },
            {
              "entity": "value",
              "slot_name": "value",
              "text": "one"
            },
            {
              "text": " "
            },
            {
              "entity": "u1",
              "slot_name": "u1",
              "text": "year"
            },
            {
              "text": " in "
            },
            {
              "entity": "u2",
              "slot_name": "u2",
              "text": "year"
            }
          ]
        },
        {
          "data": [
            {
              "text": "tell me "
            },
            {
              "entity": "value",
              "slot_name": "value",
              "text": "thirty five"
            },
            {
              "text": " "
            },
            {
              "entity": "u1",
              "slot_name": "u1",
              "text": "years"
            },
            {
              "text": " in "
            },
            {
              "entity": "u2",
              "slot_name": "u2",
              "text": "years"
            }
          ]
        },
        {
          "data": [
            {
              "text": "can you tell me "
            },
            {
              "entity": "value",
              "slot_name": "value",
              "text": "hundred"
            },
            {
              "text": " "
            },
            {
              "entity": "u1",
              "slot_name": "u1",
              "text": "day"
            },
            {
              "text": " in "
            },
            {
              "entity": "u2",
              "slot_name": "u2",
              "text": "day"
            }
          ]
        },
        {
          "data": [
            {
              "entity": "value",
              "slot_name": "value",
              "text": "fifty"
            },
            {
              "text": " "
            },
            {
              "entity": "u1",
              "slot_name": "u1",
              "text": "days"
            },
            {
              "text": " to "
            },
            {
              "entity": "u2",
              "slot_name": "u2",
              "text": "days"
            }
          ]
        },
        {
          "data": [
            {
              "text": "what is "
            },
            {
              "entity": "value",
              "slot_name": "value",
              "text": "thousand"
            },
            {
              "text": " "
            },
            {
              "entity": "u1",
              "slot_name": "u1",
              "text": "minute"
            },
            {
              "text": " to "
            },
            {
              "entity": "u2",
              "slot_name": "u2",
              "text": "minute"
            }
          ]
        },
        {
          "data": [
            {
              "text": "value of "
            },
            {
              "entity": "value",
              "slot_name": "value",
              "text": "fourty"
            },
            {
              "text": " "
            },
            {
              "entity": "u1",
              "slot_name": "u1",
              "text": "minutes"
            },
            {
              "text": " to "
            },
            {
              "entity": "u2",
              "slot_name": "u2",
              "text": "minutes"
            }
          ]
        },
        {
          "data": [
            {
              "text": "tell me "
            },
            {
              "entity": "value",
              "slot_name": "value",
              "text": "one"
            },
            {
              "text": " "
            },
            {
              "entity": "u1",
              "slot_name": "u1",
              "text": "hour"
            },
            {
              "text": " to "
            },
            {
              "entity": "u2",
              "slot_name": "u2",
              "text": "hour"
            }
          ]
        },
        {
          "data": [
            {
              "text": "can you tell me "
            },
            {
              "entity": "value",
              "slot_name": "value",
              "text": "thirty five"
            },
            {
              "text": " "
            },
            {
              "entity": "u1",
              "slot_name": "u1",
              "text": "hours"
            },
            {
              "text": " to "
            },
            {
              "entity": "u2",
              "slot_name": "u2",
              "text": "hours"
            }
          ]
        }
      ]
    }
  },
  "language": "en"
}
