{"time_conv":[[{"type":"Text","value":"transform [value] [u1] equal to [u2]"}],[{"type":"Text","value":"translate [value] [u1] equal to [u2]"}],[{"type":"Text","value":"change [value] [u1] equal to [u2]"}],[{"type":"Text","value":"transform [value] [u1] equals to [u2]"}],[{"type":"Text","value":"translate [value] [u1] equals to [u2]"}],[{"type":"Text","value":"change [value] [u1] equals to [u2]"}],[{"type":"Text","value":"transform [value] [u1] in [u2]"}],[{"type":"Text","value":"translate [value] [u1] in [u2]"}],[{"type":"Text","value":"change [value] [u1] in [u2]"}],[{"type":"Text","value":"transform [value] [u1] to [u2]"}],[{"type":"Text","value":"translate [value] [u1] to [u2]"}],[{"type":"Text","value":"change [value] [u1] to [u2]"}],[{"type":"Text","value":"[value] [u1] equal to [u2]"}],[{"type":"Text","value":"what is [value] [u1] equal to [u2]"}],[{"type":"Text","value":"value of [value] [u1] equal to [u2]"}],[{"type":"Text","value":"tell me [value] [u1] equal to [u2]"}],[{"type":"Text","value":"can you tell me [value] [u1] equal to [u2]"}],[{"type":"Text","value":"[value] [u1] equals to [u2]"}],[{"type":"Text","value":"what is [value] [u1] equals to [u2]"}],[{"type":"Text","value":"value of [value] [u1] equals to [u2]"}],[{"type":"Text","value":"tell me [value] [u1] equals to [u2]"}],[{"type":"Text","value":"can you tell me [value] [u1] equals to [u2]"}],[{"type":"Text","value":"[value] [u1] in [u2]"}],[{"type":"Text","value":"what is [value] [u1] in [u2]"}],[{"type":"Text","value":"value of [value] [u1] in [u2]"}],[{"type":"Text","value":"tell me [value] [u1] in [u2]"}],[{"type":"Text","value":"can you tell me [value] [u1] in [u2]"}],[{"type":"Text","value":"[value] [u1] to [u2]"}],[{"type":"Text","value":"what is [value] [u1] to [u2]"}],[{"type":"Text","value":"value of [value] [u1] to [u2]"}],[{"type":"Text","value":"tell me [value] [u1] to [u2]"}],[{"type":"Text","value":"can you tell me [value] [u1] to [u2]"}]]}